Timestamp,Product Barcode,Quantity,Product,customer_id,Customer_Name,Email,Order_Code,Wix_Order_Number,Wix_Contact_Id
2/22/2020 11:13:16,FFH39467DK,0,,,,,,,
2/22/2020 11:13:20,FFH39467DK,20,,,,,,,
5/24/2025 19:35:36,FUMTRHUIV54PU,20,,,,,,,
5/24/2025 19:36:14,,5,,,,,,,
5/24/2025 19:36:24,,22,,,,,,,
5/24/2025 19:36:49,,22,,,,,,,
5/24/2025 17:47:37,FUMTRHUIV54PU,77,,,,,,,
5/26/2025 11:57:33,FUMTRHUIV54PU,2000,,,,,,,
5/26/2025 12:00:43,FFH39467DK,95330,,,,,,,
5/26/2025 12:03:40,LYOGX92RX,165,,,,,,,
5/26/2025 16:40:36,Ffh39467dk,20,,,,,,,
5/26/2025 16:41:11,Ffh39467dk,300,,,,,,,
5/28/2025 10:21:15,XVQEJZGYZHI8AS,4,,,,,,,
5/30/2025 13:00:14,FUMTRHUIV54PU,10,Adipotide - 10 MG,,,,,,
5/30/2025 22:03:28,UK58452RX,460,Adipotide - 10 MG,,,,,,
5/30/2025 22:06:44,,460,Adipotide - 10 MG,,,,,,
5/30/2025 22:11:41,HAG5537BZXLRIFIRG9PU,460,Adipotide - 10 MG,,,,,,
2025-06-18T18:27:05.560Z,RVPEQCFFE6-53AS,100,Melanotan 2 10mg,,,,,,
2025-06-18T19:38:26.053Z,FUMTRHUIV54PU,50,Adipotide - 10 MG,,,,,,
2025-06-19T16:18:28.619Z,GGG5817RX,3,BPC 157 5mg,,,,,,
2025-06-19T16:18:28.619Z,XVQEJZGYZHI8AS,2,Semaglutide 5mg,,,,,,
2025-06-19T16:18:28.619Z,YZVDHDMYZHI44YL,2,Tirzepatide 10 mg,,,,,,
2025-06-19T16:18:28.619Z,WVXEWFGYZHI44YL,2,Retatrutide 10 MG,,,,,,
2025-06-19T16:18:28.619Z,XVVQRFQQZR6PU,2,Sermorelin 2mg,,,,,,
2025-06-19T22:17:53.465Z,WVXEWFGYZHI44YL,50,Retatrutide 10 MG,,,,,,
2025-06-20T01:16:51.736Z,XVQEJZGYZHI5AS,200,Semaglutide 2mg,,,,,,
2025-06-22T06:25:24.561Z,XVPEQY7RX,10,Selank 5mg,,,,,,
2025-06-22T06:25:27.587Z,XVPEQY7RX,10,Selank 5mg,,,,,,
2025-06-22T22:20:40.032Z,FUMTRHUIV54PU,1,Adipotide - 10 MG,,,,,,
2025-06-22T22:20:40.032Z,FFH39467DK,1,AOD-9604 2mg,,,,,,
2025-06-22T22:20:40.032Z,GGG58135DK,1,BPC 157 10mg,,,,,,
2025-06-22T22:20:40.032Z,GGG5814RX,1,BPC 157 2mg,,,,,,
2025-06-23T01:33:19.008Z,FUMTRHUIV54PU,1,Adipotide - 10 MG,,,,,,
2025-06-23T01:33:19.008Z,FFH39467DK,1,AOD-9604 2mg,,,,,,
2025-06-23T01:33:19.008Z,GGG58135DK,1,BPC 157 10mg,,,,,,
2025-06-23T03:25:48.359Z,GGG58135DK,3,BPC 157 10mg,,,,,,
2025-06-23T03:31:29.139Z,GGG58135DK,1,BPC 157 10mg,,,,,,
2025-06-23T03:31:29.139Z,GGG5814RX,2,BPC 157 2mg,,,,,,
2025-06-23T04:42:34.738Z,XVQEJZGYZHI8AS,5,Semaglutide 5mg,,,,,,
2025-06-23T04:42:34.738Z,XVQEA52RX,5,Semax 10mg,,,,,,
2025-06-23T14:40:44.027Z,YZVDHDMYZHI49YL,1,Tirzepatide 15 mg,,,,,,
12/31/24,XVQEJZGYZHI44YL,1,,,,,,,
12/31/24,LYVT56YL,1,,,,,,,
12/29/24,YZVDHDMYZHI64YL,1,,,,,,,
12/26/24,YZVDHDMYZHI64YL,2,,,,,,,
12/26/24,LYVT56YL,1,,,,,,,
12/26/24,HRKVLZUSKMHH9YL,1,,,,,,,
12/26/24,LYVT56YL,1,,,,,,,
12/26/24,XVQEJZGYZHI44YL,1,,,,,,,
12/23/24,FFH39467DK,1,,,,,,,
12/22/24,YZVDHDMYZHI64YL,1,,,,,,,
12/22/24,YZVDHDMYZHI64YL,2,,,,,,,
12/22/24,HRKVLZUSKMHH52RX,1,,,,,,,
12/20/24,FFH39467DK,1,,,,,,,
12/20/24,XVQEJZGYZHI44YL,1,,,,,,,
12/20/24,JGMXKOXTE54PU,1,,,,,,,
12/19/24,YZVDHDMYZHI64YL,1,,,,,,,
12/19/24,JGMXKOXTE54PU,1,,,,,,,
12/18/24,XVQEJZGYZHI44YL,1,,,,,,,
12/17/24,XVQEJZGYZHI44YL,1,,,,,,,
12/17/24,JGMXKOXTE54PU,1,,,,,,,
12/17/24,YZVDHDMYZHI64YL,2,,,,,,,
12/16/24,MTK9342NL,1,,,,,,,
12/16/24,FFH39467DK,2,,,,,,,
12/16/24,UK58452RX,2,,,,,,,
12/16/24,RFXWF52RX,6,,,,,,,
12/16/24,XVQEJZGYZHI44YL,1,,,,,,,
12/16/24,JGMXKOXTE54PU,1,,,,,,,
12/13/24,FFH39467DK,1,,,,,,,
12/13/24,FFH39467DK,1,,,,,,,
12/13/24,XVQEJZGYZHI44YL,1,,,,,,,
12/13/24,HRKVLZUSKMHH9YL,1,,,,,,,
12/13/24,LYVT56YL,1,,,,,,,
12/12/24,FFH39467DK,1,,,,,,,
12/11/24,FFH39467DK,1,,,,,,,
12/10/24,YZVDHDMYZHI94YL,1,,,,,,,
12/6/24,YZVDHDMYZHI94YL,1,,,,,,,
12/4/24,XVQEJZGYZHI44YL,10,,,,,,,
12/4/24,XVQEJZGYZHI44YL,1,,,,,,,
12/4/24,JGMXKOXTE54PU,1,,,,,,,
12/4/24,JGMXKOXTE54PU,1,,,,,,,
12/4/24,HRKVLZUSKMHH52RX,1,,,,,,,
12/3/24,XVQEJZGYZHI44YL,1,,,,,,,
12/3/24,JGMXKOXTE54PU,1,,,,,,,
12/3/24,YZVDHDMYZHI64YL,1,,,,,,,
12/3/24,XVQEJZGYZHI44YL,1,,,,,,,
12/3/24,LYVT56YL,1,,,,,,,
12/2/24,XVQEJZGYZHI8AS,1,,,,,,,
12/2/24,JGMXKOXTE54PU,1,,,,,,,
12/2/24,FFH39467DK,1,,,,,,,
11/30/24,YZVDHDMYZHI64YL,1,,,,,,,
11/25/24,YZVDHDMYZHI49YL,1,,,,,,,
11/23/24,UK58452RX,1,,,,,,,
11/23/24,YZVDHDMYZHI64YL,5,,,,,,,
11/22/24,YZVDHDMYZHI64YL,1,,,,,,,
11/22/24,JGMXKOXTE54PU,1,,,,,,,
11/22/24,FFH39467DK,1,,,,,,,
11/20/24,XVQEJZGYZHI44YL,1,,,,,,,
11/20/24,XVQEJZGYZHI8AS,1,,,,,,,
11/20/24,XVQEJZGYZHI8AS,1,,,,,,,
11/20/24,JGMXKOXTE54PU,1,,,,,,,
11/19/24,JGMXKOXTE54PU,1,,,,,,,
11/19/24,YZVDHDMYZHI49YL,1,,,,,,,
11/19/24,YZVDHDMYZHI64YL,1,,,,,,,
11/19/24,XVQEJZGYZHI44YL,1,,,,,,,
11/19/24,FFH39467DK,1,,,,,,,
11/18/24,XVQEJZGYZHI44YL,1,,,,,,,
11/18/24,JGMXKOXTE54PU,1,,,,,,,
11/18/24,YZVDHDMYZHI49YL,1,,,,,,,
11/18/24,JGMXKOXTE54PU,1,,,,,,,
11/18/24,YZVDHDMYZHI64YL,1,,,,,,,
11/15/24,YZVDHDMYZHI64YL,1,,,,,,,
11/12/24,YZVDHDMYZHI64YL,1,,,,,,,
11/9/24,YZVDHDMYZHI94YL,1,,,,,,,
11/7/24,YZVDHDMYZHI94YL,1,,,,,,,
11/7/24,YZVDHDMYZHI94YL,1,,,,,,,
11/6/24,YZVDHDMYZHI64YL,1,,,,,,,
11/6/24,XVQEJZGYZHI44YL,20,,,,,,,
11/5/24,XVQEJZGYZHI44YL,1,,,,,,,
11/5/24,FFH39467DK,1,,,,,,,
11/4/24,YZVDHDMYZHI64YL,1,,,,,,,
11/4/24,JGMXKOXTE54PU,1,,,,,,,
11/4/24,XVQEJZGYZHI44YL,1,,,,,,,
11/4/24,YZVDHDMYZHI64YL,1,,,,,,,
11/3/24,XVQEJZGYZHI44YL,1,,,,,,,
11/1/24,YZVDHDMYZHI64YL,1,,,,,,,
10/31/24,YZVDHDMYZHI64YL,1,,,,,,,
10/29/24,YZVDHDMYZHI64YL,1,,,,,,,
10/26/24,XVQEJZGYZHI5AS,1,,,,,,,
10/26/24,JGMXKOXTE54PU,1,,,,,,,
10/24/24,FFH39467DK,1,,,,,,,
10/23/24,FFH39467DK,1,,,,,,,
10/22/24,XVQEJZGYZHI44YL,1,,,,,,,
10/21/24,YZVDHDMYZHI64YL,1,,,,,,,
10/17/24,XVQEJZGYZHI44YL,1,,,,,,,
10/17/24,JGMXKOXTE54PU,1,,,,,,,
10/17/24,YZVDHDMYZHI44YL,1,,,,,,,
10/17/24,XVQEJZGYZHI5AS,1,,,,,,,
10/17/24,JGMXKOXTE54PU,1,,,,,,,
10/14/24,FFH39467DK,1,,,,,,,
10/9/24,YZVDHDMYZHI64YL,1,,,,,,,
10/9/24,YZVDHDMYZHI64YL,1,,,,,,,
10/9/24,YZVDHDMYZHI64YL,1,,,,,,,
10/8/24,YZVDHDMYZHI64YL,1,,,,,,,
10/6/24,HRKVLZUSKMHH52RX,1,,,,,,,
10/5/24,YZVDHDMYZHI64YL,1,,,,,,,
10/3/24,YZVDHDMYZHI64YL,1,,,,,,,
10/3/24,FFH39467DK,1,,,,,,,
10/3/24,YZVDHDMYZHI94YL,3,,,,,,,
10/1/24,XVQEJZGYZHI5AS,1,,,,,,,
10/1/24,JGMXKOXTE54PU,1,,,,,,,
10/1/24,YZVDHDMYZHI64YL,1,,,,,,,
10/1/24,YZVDHDMYZHI49YL,1,,,,,,,
10/1/24,JGMXKOXTE54PU,1,,,,,,,
10/1/24,YZVDHDMYZHI94YL,1,,,,,,,
9/25/24,YZVDHDMYZHI49YL,1,,,,,,,
9/25/24,JGMXKOXTE54PU,1,,,,,,,
9/25/24,YZVDHDMYZHI64YL,1,,,,,,,
9/24/24,YZVDHDMYZHI49YL,1,,,,,,,
9/24/24,XVQEJZGYZHI44YL,1,,,,,,,
9/24/24,YZVDHDMYZHI64YL,1,,,,,,,
9/23/24,FFH39467DK,1,,,,,,,
9/21/24,YZVDHDMYZHI64YL,1,,,,,,,
9/20/24,YZVDHDMYZHI64YL,1,,,,,,,
9/20/24,YZVDHDMYZHI64YL,1,,,,,,,
9/10/24,FFH39467DK,1,,,,,,,
9/10/24,YZVDHDMYZHI64YL,1,,,,,,,
9/7/24,YZVDHDMYZHI94YL,1,,,,,,,
9/5/24,YZVDHDMYZHI64YL,1,,,,,,,
9/4/24,YZVDHDMYZHI64YL,1,,,,,,,
9/3/24,YZVDHDMYZHI64YL,1,,,,,,,
9/2/24,XVQEJZGYZHI44YL,1,,,,,,,
8/30/24,YZVDHDMYZHI44YL,1,,,,,,,
8/30/24,YZVDHDMYZHI44YL,1,,,,,,,
8/30/24,XVQEJZGYZHI44YL,1,,,,,,,
8/30/24,YZVDHDMYZHI64YL,1,,,,,,,
8/30/24,XVQEJZGYZHI44YL,1,,,,,,,
8/29/24,YZVDHDMYZHI94YL,1,,,,,,,
8/29/24,YZVDHDMYZHI64YL,1,,,,,,,
8/28/24,YZVDHDMYZHI64YL,1,,,,,,,
8/28/24,XVQEJZGYZHI8AS,1,,,,,,,
8/28/24,LYVT56YL,1,,,,,,,
8/27/24,XVQEJZGYZHI44YL,1,,,,,,,
8/27/24,YZVDHDMYZHI64YL,1,,,,,,,
8/27/24,XJ75-84YL,1,,,,,,,
8/26/24,YZVDHDMYZHI94YL,1,,,,,,,
8/26/24,XVQEJZGYZHI44YL,1,,,,,,,
8/24/24,XVQEJZGYZHI44YL,1,,,,,,,
8/24/24,YZVDHDMYZHI49YL,1,,,,,,,
8/24/24,XVQEJZGYZHI5AS,1,,,,,,,
8/23/24,YZVDHDMYZHI94YL,1,,,,,,,
8/23/24,FFH39467DK,1,,,,,,,
8/22/24,YZVDHDMYZHI64YL,1,,,,,,,
8/21/24,YZVDHDMYZHI64YL,1,,,,,,,
8/19/24,YZVDHDMYZHI64YL,1,,,,,,,
8/19/24,YZVDHDMYZHI64YL,1,,,,,,,
8/18/24,YZVDHDMYZHI64YL,1,,,,,,,
8/18/24,YZVDHDMYZHI64YL,1,,,,,,,
8/18/24,XJ75-84YL,1,,,,,,,
8/18/24,YZVDHDMYZHI64YL,1,,,,,,,
8/18/24,YZVDHDMYZHI94YL,1,,,,,,,
8/18/24,YZVDHDMYZHI64YL,1,,,,,,,
8/18/24,YZVDHDMYZHI64YL,1,,,,,,,
8/18/24,YZVDHDMYZHI64YL,1,,,,,,,
8/17/24,YZVDHDMYZHI64YL,1,,,,,,,
8/17/24,YZVDHDMYZHI64YL,1,,,,,,,
8/17/24,YZVDHDMYZHI64YL,1,,,,,,,
8/17/24,YZVDHDMYZHI94YL,1,,,,,,,
8/17/24,YZVDHDMYZHI64YL,1,,,,,,,
8/15/24,YZVDHDMYZHI64YL,1,,,,,,,
8/15/24,FFH39467DK,1,,,,,,,
8/15/24,YZVDHDMYZHI64YL,1,,,,,,,
8/15/24,YZVDHDMYZHI64YL,1,,,,,,,
8/14/24,XJ75-84YL,1,,,,,,,
8/14/24,YZVDHDMYZHI64YL,1,,,,,,,
8/14/24,FFH39467DK,1,,,,,,,
8/14/24,XJ75-84YL,1,,,,,,,
8/14/24,YZVDHDMYZHI64YL,1,,,,,,,
8/13/24,YZVDHDMYZHI64YL,1,,,,,,,
8/13/24,YZVDHDMYZHI64YL,1,,,,,,,
8/11/24,YZVDHDMYZHI64YL,1,,,,,,,
8/11/24,FFH39467DK,1,,,,,,,
8/11/24,YZVDHDMYZHI94YL,1,,,,,,,
8/11/24,YZVDHDMYZHI94YL,1,,,,,,,
8/11/24,YZVDHDMYZHI64YL,1,,,,,,,
8/10/24,XJ75-84YL,1,,,,,,,
8/10/24,YZVDHDMYZHI64YL,1,,,,,,,
8/10/24,YZVDHDMYZHI64YL,1,,,,,,,
8/10/24,YZVDHDMYZHI64YL,1,,,,,,,
8/9/24,YZVDHDMYZHI49YL,1,,,,,,,
8/9/24,YZVDHDMYZHI64YL,1,,,,,,,
8/9/24,XVQEJZGYZHI44YL,8,,,,,,,
8/9/24,YZVDHDMYZHI94YL,2,,,,,,,
8/8/24,FFH39467DK,1,,,,,,,
8/8/24,YZVDHDMYZHI94YL,1,,,,,,,
8/8/24,YZVDHDMYZHI94YL,1,,,,,,,
8/7/24,FFH39467DK,1,,,,,,,
8/7/24,YZVDHDMYZHI64YL,1,,,,,,,
8/5/24,YZVDHDMYZHI94YL,1,,,,,,,
8/5/24,YZVDHDMYZHI64YL,1,,,,,,,
8/5/24,YZVDHDMYZHI44YL,1,,,,,,,
8/5/24,YZVDHDMYZHI64YL,1,,,,,,,
8/5/24,YZVDHDMYZHI94YL,1,,,,,,,
8/4/24,YZVDHDMYZHI64YL,1,,,,,,,
8/4/24,FFH39467DK,1,,,,,,,
8/4/24,XJ75-84YL,1,,,,,,,
8/4/24,YZVDHDMYZHI64YL,1,,,,,,,
8/4/24,YZVDHDMYZHI64YL,1,,,,,,,
8/4/24,XJ75-84YL,1,,,,,,,
8/4/24,YZVDHDMYZHI64YL,1,,,,,,,
8/4/24,YZVDHDMYZHI64YL,1,,,,,,,
8/3/24,YZVDHDMYZHI64YL,1,,,,,,,
8/2/24,YZVDHDMYZHI64YL,1,,,,,,,
8/2/24,YZVDHDMYZHI64YL,1,,,,,,,
8/2/24,YZVDHDMYZHI64YL,1,,,,,,,
8/2/24,YZVDHDMYZHI64YL,1,,,,,,,
8/1/24,XJ75-84YL,1,,,,,,,
8/1/24,YZVDHDMYZHI44YL,1,,,,,,,
8/1/24,YZVDHDMYZHI64YL,1,,,,,,,
8/1/24,XJ75-84YL,1,,,,,,,
8/1/24,YZVDHDMYZHI64YL,1,,,,,,,
7/31/24,XVQEJZGYZHI44YL,1,,,,,,,
7/31/24,FFH39467DK,1,,,,,,,
7/31/24,YZVDHDMYZHI64YL,1,,,,,,,
7/30/24,FFH39467DK,1,,,,,,,
7/30/24,XJ75-84YL,1,,,,,,,
7/29/24,YZVDHDMYZHI64YL,1,,,,,,,
7/29/24,YZVDHDMYZHI64YL,1,,,,,,,
7/28/24,YZVDHDMYZHI64YL,1,,,,,,,
7/27/24,YZVDHDMYZHI94YL,1,,,,,,,
7/27/24,YZVDHDMYZHI64YL,1,,,,,,,
7/27/24,FFH39467DK,1,,,,,,,
7/27/24,YZVDHDMYZHI64YL,1,,,,,,,
7/27/24,YZVDHDMYZHI64YL,1,,,,,,,
7/26/24,FFH39467DK,1,,,,,,,
7/26/24,YZVDHDMYZHI64YL,1,,,,,,,
7/25/24,XJ75-84YL,1,,,,,,,
7/24/24,XVQEJZGYZHI44YL,1,,,,,,,
7/24/24,YZVDHDMYZHI64YL,1,,,,,,,
7/24/24,FFH39467DK,1,,,,,,,
7/24/24,YZVDHDMYZHI64YL,1,,,,,,,
7/24/24,XVQEJZGYZHI44YL,1,,,,,,,
7/23/24,YZVDHDMYZHI94YL,1,,,,,,,
7/23/24,XJ75-84YL,1,,,,,,,
7/23/24,YZVDHDMYZHI64YL,1,,,,,,,
7/22/24,YZVDHDMYZHI64YL,1,,,,,,,
7/22/24,YZVDHDMYZHI64YL,1,,,,,,,
7/22/24,FFH39467DK,1,,,,,,,
7/22/24,YZVDHDMYZHI64YL,1,,,,,,,
7/22/24,YZVDHDMYZHI64YL,1,,,,,,,
7/21/24,FFH39467DK,1,,,,,,,
7/21/24,YZVDHDMYZHI64YL,1,,,,,,,
7/21/24,YZVDHDMYZHI64YL,1,,,,,,,
7/21/24,YZVDHDMYZHI64YL,1,,,,,,,
7/21/24,YZVDHDMYZHI64YL,1,,,,,,,
7/21/24,XJ75-84YL,1,,,,,,,
7/20/24,YZVDHDMYZHI64YL,1,,,,,,,
7/20/24,YZVDHDMYZHI64YL,1,,,,,,,
7/20/24,YZVDHDMYZHI64YL,1,,,,,,,
7/20/24,YZVDHDMYZHI64YL,1,,,,,,,
7/19/24,YZVDHDMYZHI64YL,1,,,,,,,
7/18/24,HRKVLZUSKMHH52RX,1,,,,,,,
7/18/24,YZVDHDMYZHI94YL,1,,,,,,,
7/18/24,YZVDHDMYZHI64YL,1,,,,,,,
7/17/24,FFH39467DK,1,,,,,,,
7/17/24,XJ75-84YL,1,,,,,,,
7/17/24,YZVDHDMYZHI64YL,1,,,,,,,
7/17/24,UK58452RX,1,,,,,,,
7/16/24,YZVDHDMYZHI94YL,1,,,,,,,
7/16/24,YZVDHDMYZHI64YL,1,,,,,,,
7/16/24,YZVDHDMYZHI64YL,1,,,,,,,
7/16/24,YZVDHDMYZHI64YL,1,,,,,,,
7/15/24,YZVDHDMYZHI64YL,1,,,,,,,
7/15/24,YZVDHDMYZHI64YL,1,,,,,,,
7/15/24,FFH39467DK,1,,,,,,,
7/15/24,HRKVLZUSKMHH52RX,1,,,,,,,
7/15/24,HRKVLZUSKMHH52RX,1,,,,,,,
7/15/24,YZVDHDMYZHI64YL,1,,,,,,,
7/14/24,YZVDHDMYZHI64YL,1,,,,,,,
7/14/24,YZVDHDMYZHI64YL,1,,,,,,,
7/14/24,YZVDHDMYZHI64YL,1,,,,,,,
7/13/24,YZVDHDMYZHI94YL,1,,,,,,,
7/13/24,FFH39467DK,1,,,,,,,
7/12/24,HRKVLZUSKMHH52RX,1,,,,,,,
7/11/24,YZVDHDMYZHI64YL,1,,,,,,,
7/11/24,XJ75-84YL,1,,,,,,,
7/11/24,YZVDHDMYZHI64YL,1,,,,,,,
7/11/24,FFH39467DK,1,,,,,,,
7/11/24,YZVDHDMYZHI64YL,1,,,,,,,
7/11/24,XVQEJZGYZHI44YL,2,,,,,,,
7/10/24,XVQEJZGYZHI44YL,1,,,,,,,
7/10/24,XVQEJZGYZHI44YL,1,,,,,,,
7/10/24,XVQEJZGYZHI44YL,2,,,,,,,
7/10/24,LYOGX525DK,2,,,,,,,
7/10/24,XJ75-84YL,1,,,,,,,
7/10/24,YZVDHDMYZHI64YL,1,,,,,,,
7/10/24,YZVDHDMYZHI64YL,1,,,,,,,
7/10/24,YZVDHDMYZHI64YL,1,,,,,,,
7/10/24,XJ75-84YL,1,,,,,,,
7/9/24,YZVDHDMYZHI64YL,1,,,,,,,
7/9/24,FFH39467DK,1,,,,,,,
7/9/24,YZVDHDMYZHI64YL,1,,,,,,,
7/9/24,YZVDHDMYZHI64YL,1,,,,,,,
7/9/24,GGG58135DK,1,,,,,,,
7/9/24,XJ75-84YL,1,,,,,,,
7/9/24,FFH39467DK,1,,,,,,,
7/9/24,YZVDHDMYZHI64YL,1,,,,,,,
7/8/24,FFH39467DK,1,,,,,,,
7/8/24,YZVDHDMYZHI94YL,1,,,,,,,
7/8/24,YZVDHDMYZHI64YL,1,,,,,,,
7/8/24,XJ75-84YL,1,,,,,,,
7/7/24,YZVDHDMYZHI64YL,1,,,,,,,
7/7/24,YZVDHDMYZHI64YL,1,,,,,,,
7/7/24,FFH39467DK,1,,,,,,,
7/7/24,YZVDHDMYZHI64YL,1,,,,,,,
7/7/24,HRKVLZUSKMHH52RX,1,,,,,,,
7/7/24,FFH39467DK,1,,,,,,,
7/7/24,YZVDHDMYZHI64YL,1,,,,,,,
7/7/24,XVQEJZGYZHI44YL,1,,,,,,,
7/7/24,YZVDHDMYZHI64YL,1,,,,,,,
7/6/24,YZVDHDMYZHI64YL,1,,,,,,,
7/6/24,YZVDHDMYZHI64YL,1,,,,,,,
7/6/24,YZVDHDMYZHI64YL,1,,,,,,,
7/6/24,YZVDHDMYZHI64YL,1,,,,,,,
7/6/24,YZVDHDMYZHI64YL,1,,,,,,,
7/6/24,XJ75-84YL,1,,,,,,,
7/5/24,XVQEJZGYZHI44YL,1,,,,,,,
7/4/24,RFXWF52RX,1,,,,,,,
7/4/24,FFH39467DK,1,,,,,,,
7/3/24,XJ75-84YL,1,,,,,,,
7/2/24,YZVDHDMYZHI64YL,1,,,,,,,
7/2/24,XJ75-84YL,1,,,,,,,
7/2/24,YZVDHDMYZHI64YL,1,,,,,,,
7/2/24,XJ75-84YL,1,,,,,,,
7/2/24,YZVDHDMYZHI64YL,1,,,,,,,
7/1/24,FFH39467DK,1,,,,,,,
6/30/24,FFH39467DK,1,,,,,,,
6/30/24,YZVDHDMYZHI94YL,1,,,,,,,
6/30/24,FFH39467DK,1,,,,,,,
6/30/24,FFH39467DK,1,,,,,,,
6/30/24,YZVDHDMYZHI94YL,1,,,,,,,
6/30/24,UK58452RX,1,,,,,,,
6/30/24,XJ75-84YL,1,,,,,,,
6/29/24,YZVDHDMYZHI64YL,1,,,,,,,
6/29/24,YZVDHDMYZHI64YL,1,,,,,,,
6/28/24,YZVDHDMYZHI94YL,1,,,,,,,
6/28/24,YZVDHDMYZHI64YL,1,,,,,,,
6/28/24,XJ75-84YL,1,,,,,,,
6/27/24,YZVDHDMYZHI64YL,1,,,,,,,
6/27/24,YZVDHDMYZHI64YL,1,,,,,,,
6/27/24,YZVDHDMYZHI64YL,1,,,,,,,
6/27/24,YZVDHDMYZHI64YL,1,,,,,,,
6/27/24,FFH39467DK,1,,,,,,,
6/26/24,YZVDHDMYZHI64YL,1,,,,,,,
6/26/24,YZVDHDMYZHI94YL,1,,,,,,,
6/26/24,YZVDHDMYZHI64YL,1,,,,,,,
6/26/24,FFH39467DK,1,,,,,,,
6/26/24,YZVDHDMYZHI64YL,1,,,,,,,
6/26/24,YZVDHDMYZHI64YL,1,,,,,,,
6/26/24,YZVDHDMYZHI94YL,1,,,,,,,
6/26/24,YZVDHDMYZHI64YL,1,,,,,,,
6/26/24,UK58452RX,1,,,,,,,
6/26/24,YZVDHDMYZHI64YL,1,,,,,,,
6/26/24,YZVDHDMYZHI64YL,1,,,,,,,
6/26/24,YZVDHDMYZHI64YL,1,,,,,,,
6/25/24,YZVDHDMYZHI64YL,1,,,,,,,
6/25/24,FFH39467DK,1,,,,,,,
6/25/24,FFH39467DK,1,,,,,,,
6/25/24,XVQEJZGYZHI44YL,1,,,,,,,
6/25/24,YZVDHDMYZHI64YL,1,,,,,,,
6/25/24,YZVDHDMYZHI94YL,1,,,,,,,
6/25/24,XJ75-84YL,1,,,,,,,
6/25/24,XJ75-84YL,1,,,,,,,
6/25/24,YZVDHDMYZHI64YL,1,,,,,,,
6/24/24,YZVDHDMYZHI94YL,10,,,,,,,
6/24/24,XJ75-84YL,1,,,,,,,
6/24/24,FFH39467DK,1,,,,,,,
6/24/24,FFH39467DK,1,,,,,,,
6/24/24,YZVDHDMYZHI64YL,1,,,,,,,
6/24/24,YZVDHDMYZHI64YL,1,,,,,,,
6/23/24,FFH39467DK,1,,,,,,,
6/23/24,YZVDHDMYZHI64YL,1,,,,,,,
6/23/24,YZVDHDMYZHI64YL,1,,,,,,,
6/23/24,FFH39467DK,1,,,,,,,
6/23/24,YZVDHDMYZHI64YL,1,,,,,,,
6/22/24,XVQEJZGYZHI44YL,1,,,,,,,
6/22/24,FFH39467DK,1,,,,,,,
6/22/24,HRKVLZUSKMHH52RX,1,,,,,,,
6/22/24,YZVDHDMYZHI64YL,1,,,,,,,
6/22/24,XJ75-84YL,1,,,,,,,
6/22/24,FFH39467DK,1,,,,,,,
6/21/24,YZVDHDMYZHI64YL,1,,,,,,,
6/21/24,YZVDHDMYZHI64YL,1,,,,,,,
6/21/24,YZVDHDMYZHI64YL,1,,,,,,,
6/21/24,YZVDHDMYZHI64YL,1,,,,,,,
6/21/24,YZVDHDMYZHI64YL,1,,,,,,,
6/21/24,YZVDHDMYZHI94YL,1,,,,,,,
6/20/24,XVQEJZGYZHI44YL,1,,,,,,,
6/20/24,YZVDHDMYZHI64YL,1,,,,,,,
6/20/24,FFH39467DK,1,,,,,,,
6/20/24,YZVDHDMYZHI64YL,1,,,,,,,
6/20/24,YZVDHDMYZHI64YL,1,,,,,,,
6/19/24,YZVDHDMYZHI49YL,2,,,,,,,
6/19/24,FFH39467DK,1,,,,,,,
6/19/24,RFXWF52RX,1,,,,,,,
6/19/24,YZVDHDMYZHI64YL,1,,,,,,,
6/19/24,YZVDHDMYZHI64YL,1,,,,,,,
6/19/24,GGG58135DK,1,,,,,,,
6/19/24,YZVDHDMYZHI64YL,1,,,,,,,
6/19/24,FFH39467DK,1,,,,,,,
6/19/24,YZVDHDMYZHI64YL,1,,,,,,,
6/18/24,YZVDHDMYZHI64YL,1,,,,,,,
6/18/24,XJ75-84YL,1,,,,,,,
6/18/24,YZVDHDMYZHI64YL,1,,,,,,,
6/18/24,YZVDHDMYZHI64YL,1,,,,,,,
6/18/24,YZVDHDMYZHI64YL,1,,,,,,,
6/18/24,FFH39467DK,1,,,,,,,
6/18/24,GGG58135DK,1,,,,,,,
6/18/24,FFH39467DK,1,,,,,,,
6/18/24,YZVDHDMYZHI64YL,1,,,,,,,
6/17/24,YZVDHDMYZHI64YL,1,,,,,,,
6/17/24,YZVDHDMYZHI64YL,1,,,,,,,
6/17/24,XJ75-84YL,1,,,,,,,
6/17/24,YZVDHDMYZHI64YL,1,,,,,,,
6/17/24,FFH39467DK,1,,,,,,,
6/17/24,XJ75-84YL,1,,,,,,,
6/17/24,YZVDHDMYZHI64YL,1,,,,,,,
6/17/24,YZVDHDMYZHI64YL,1,,,,,,,
6/17/24,XJ75-84YL,1,,,,,,,
6/17/24,FFH39467DK,1,,,,,,,
6/15/24,XJ75-84YL,1,,,,,,,
6/15/24,YZVDHDMYZHI94YL,1,,,,,,,
6/15/24,YZVDHDMYZHI64YL,1,,,,,,,
6/15/24,GGG58135DK,1,,,,,,,
6/15/24,YZVDHDMYZHI64YL,1,,,,,,,
6/15/24,YZVDHDMYZHI94YL,1,,,,,,,
6/14/24,FFH39467DK,1,,,,,,,
6/14/24,YZVDHDMYZHI94YL,1,,,,,,,
6/14/24,XJ75-84YL,1,,,,,,,
6/14/24,YZVDHDMYZHI94YL,1,,,,,,,
6/13/24,YZVDHDMYZHI94YL,2,,,,,,,
6/13/24,YZVDHDMYZHI94YL,1,,,,,,,
6/13/24,YZVDHDMYZHI94YL,1,,,,,,,
6/13/24,FFH39467DK,1,,,,,,,
6/13/24,YZVDHDMYZHI64YL,1,,,,,,,
6/13/24,YZVDHDMYZHI64YL,1,,,,,,,
6/12/24,XJ75-84YL,1,,,,,,,
6/12/24,YZVDHDMYZHI64YL,1,,,,,,,
6/12/24,YZVDHDMYZHI64YL,1,,,,,,,
6/12/24,XJ75-84YL,1,,,,,,,
6/12/24,YZVDHDMYZHI64YL,1,,,,,,,
6/12/24,YZVDHDMYZHI64YL,1,,,,,,,
6/12/24,FFH39467DK,1,,,,,,,
6/12/24,FFH39467DK,1,,,,,,,
6/11/24,YZVDHDMYZHI94YL,1,,,,,,,
6/11/24,YZVDHDMYZHI64YL,1,,,,,,,
6/11/24,YZVDHDMYZHI64YL,1,,,,,,,
6/11/24,XJ75-84YL,1,,,,,,,
6/11/24,YZVDHDMYZHI64YL,1,,,,,,,
6/11/24,YZVDHDMYZHI64YL,1,,,,,,,
6/11/24,FFH39467DK,1,,,,,,,
6/11/24,YZVDHDMYZHI64YL,1,,,,,,,
6/11/24,XJ75-84YL,1,,,,,,,
6/11/24,YZVDHDMYZHI64YL,1,,,,,,,
6/11/24,FFH39467DK,1,,,,,,,
6/10/24,YZVDHDMYZHI64YL,1,,,,,,,
6/10/24,FFH39467DK,1,,,,,,,
6/10/24,YZVDHDMYZHI64YL,1,,,,,,,
6/10/24,FFH39467DK,1,,,,,,,
6/10/24,YZVDHDMYZHI64YL,1,,,,,,,
6/10/24,FFH39467DK,1,,,,,,,
6/10/24,XJ75-84YL,1,,,,,,,
6/10/24,YZVDHDMYZHI64YL,1,,,,,,,
6/10/24,YZVDHDMYZHI64YL,1,,,,,,,
6/9/24,FFH39467DK,1,,,,,,,
6/9/24,YZVDHDMYZHI64YL,1,,,,,,,
6/9/24,XJ75-84YL,1,,,,,,,
6/9/24,FFH39467DK,1,,,,,,,
6/9/24,YZVDHDMYZHI64YL,1,,,,,,,
6/9/24,FFH39467DK,1,,,,,,,
6/8/24,YZVDHDMYZHI94YL,1,,,,,,,
6/8/24,YZVDHDMYZHI64YL,1,,,,,,,
6/8/24,YZVDHDMYZHI64YL,1,,,,,,,
6/8/24,YZVDHDMYZHI64YL,1,,,,,,,
6/8/24,YZVDHDMYZHI64YL,1,,,,,,,
6/8/24,YZVDHDMYZHI64YL,1,,,,,,,
6/8/24,YZVDHDMYZHI64YL,1,,,,,,,
6/8/24,YZVDHDMYZHI64YL,1,,,,,,,
6/7/24,YZVDHDMYZHI94YL,1,,,,,,,
6/7/24,YZVDHDMYZHI94YL,1,,,,,,,
6/7/24,HRKVLZUSKMHH52RX,1,,,,,,,
6/7/24,YZVDHDMYZHI64YL,1,,,,,,,
6/7/24,YZVDHDMYZHI64YL,1,,,,,,,
6/7/24,FFH39467DK,1,,,,,,,
6/7/24,GGG58135DK,5,,,,,,,
6/7/24,XJ75-84YL,1,,,,,,,
6/7/24,GGG58135DK,1,,,,,,,
6/7/24,YZVDHDMYZHI64YL,1,,,,,,,
6/7/24,XJ75-84YL,1,,,,,,,
6/7/24,FFH39467DK,1,,,,,,,
6/6/24,YZVDHDMYZHI64YL,1,,,,,,,
6/6/24,YZVDHDMYZHI64YL,1,,,,,,,
6/6/24,YZVDHDMYZHI64YL,1,,,,,,,
6/6/24,XVQEJZGYZHI44YL,1,,,,,,,
6/5/24,YZVDHDMYZHI64YL,1,,,,,,,
6/5/24,YZVDHDMYZHI64YL,1,,,,,,,
6/5/24,XJ75-84YL,1,,,,,,,
6/5/24,YZVDHDMYZHI64YL,1,,,,,,,
6/5/24,YZVDHDMYZHI64YL,1,,,,,,,
6/5/24,YZVDHDMYZHI94YL,1,,,,,,,
6/5/24,YZVDHDMYZHI94YL,1,,,,,,,
6/5/24,YZVDHDMYZHI64YL,1,,,,,,,
6/5/24,FFH39467DK,1,,,,,,,
6/5/24,YZVDHDMYZHI64YL,1,,,,,,,
6/5/24,YZVDHDMYZHI64YL,1,,,,,,,
6/4/24,XJ75-84YL,1,,,,,,,
6/4/24,YZVDHDMYZHI64YL,1,,,,,,,
6/4/24,YZVDHDMYZHI64YL,1,,,,,,,
6/4/24,YZVDHDMYZHI64YL,1,,,,,,,
6/4/24,YZVDHDMYZHI64YL,1,,,,,,,
6/4/24,YZVDHDMYZHI94YL,1,,,,,,,
6/4/24,UK58452RX,1,,,,,,,
6/4/24,UK58452RX,1,,,,,,,
6/3/24,YZVDHDMYZHI64YL,1,,,,,,,
6/3/24,YZVDHDMYZHI64YL,1,,,,,,,
6/3/24,XJ75-84YL,1,,,,,,,
6/3/24,XJ75-84YL,1,,,,,,,
6/3/24,YZVDHDMYZHI64YL,1,,,,,,,
6/3/24,XJ75-84YL,1,,,,,,,
6/2/24,XJ75-84YL,1,,,,,,,
6/2/24,YZVDHDMYZHI94YL,1,,,,,,,
6/1/24,YZVDHDMYZHI64YL,1,,,,,,,
6/1/24,YZVDHDMYZHI64YL,1,,,,,,,
5/31/24,YZVDHDMYZHI64YL,1,,,,,,,
5/31/24,XJ75-84YL,1,,,,,,,
5/31/24,RFXWF52RX,1,,,,,,,
5/31/24,YZVDHDMYZHI64YL,1,,,,,,,
5/31/24,YZVDHDMYZHI64YL,1,,,,,,,
5/31/24,XJ75-84YL,1,,,,,,,
5/30/24,YZVDHDMYZHI94YL,1,,,,,,,
5/29/24,XVQEJZGYZHI44YL,1,,,,,,,
5/29/24,FFH39467DK,1,,,,,,,
5/29/24,YZVDHDMYZHI64YL,1,,,,,,,
5/29/24,YZVDHDMYZHI64YL,1,,,,,,,
5/29/24,FFH39467DK,1,,,,,,,
5/29/24,UK58452RX,1,,,,,,,
5/29/24,YZVDHDMYZHI64YL,1,,,,,,,
5/29/24,YZVDHDMYZHI64YL,1,,,,,,,
5/29/24,XJ75-84YL,1,,,,,,,
5/28/24,YZVDHDMYZHI64YL,1,,,,,,,
5/28/24,YZVDHDMYZHI64YL,1,,,,,,,
5/28/24,YZVDHDMYZHI64YL,1,,,,,,,
5/28/24,YZVDHDMYZHI64YL,1,,,,,,,
5/28/24,XJ75-84YL,1,,,,,,,
5/28/24,YZVDHDMYZHI64YL,1,,,,,,,
5/28/24,XJ75-84YL,1,,,,,,,
5/28/24,XJ75-84YL,1,,,,,,,
5/28/24,YZVDHDMYZHI94YL,1,,,,,,,
5/28/24,YZVDHDMYZHI64YL,1,,,,,,,
5/28/24,FFH39467DK,1,,,,,,,
5/28/24,XVQEJZGYZHI44YL,1,,,,,,,
5/27/24,FFH39467DK,1,,,,,,,
5/27/24,YZVDHDMYZHI64YL,1,,,,,,,
5/27/24,YZVDHDMYZHI64YL,1,,,,,,,
5/27/24,YZVDHDMYZHI64YL,1,,,,,,,
5/27/24,XJ75-84YL,1,,,,,,,
5/27/24,XJ75-84YL,1,,,,,,,
5/26/24,XJ75-84YL,1,,,,,,,
5/26/24,YZVDHDMYZHI64YL,1,,,,,,,
5/26/24,YZVDHDMYZHI64YL,1,,,,,,,
5/26/24,FFH39467DK,1,,,,,,,
5/26/24,YZVDHDMYZHI64YL,1,,,,,,,
5/26/24,YZVDHDMYZHI94YL,1,,,,,,,
5/25/24,YZVDHDMYZHI64YL,1,,,,,,,
5/25/24,YZVDHDMYZHI64YL,1,,,,,,,
5/24/24,FFH39467DK,1,,,,,,,
5/24/24,YZVDHDMYZHI64YL,1,,,,,,,
5/24/24,XJ75-84YL,1,,,,,,,
5/24/24,YZVDHDMYZHI64YL,1,,,,,,,
5/24/24,YZVDHDMYZHI64YL,1,,,,,,,
5/24/24,HRKVLZUSKMHH52RX,1,,,,,,,
5/24/24,XJ75-84YL,1,,,,,,,
5/24/24,YZVDHDMYZHI64YL,1,,,,,,,
5/23/24,YZVDHDMYZHI64YL,1,,,,,,,
5/23/24,YZVDHDMYZHI64YL,1,,,,,,,
5/23/24,HRKVLZUSKMHH52RX,1,,,,,,,
5/23/24,HRKVLZUSKMHH52RX,1,,,,,,,
5/23/24,YZVDHDMYZHI64YL,1,,,,,,,
5/23/24,YZVDHDMYZHI64YL,1,,,,,,,
5/23/24,YZVDHDMYZHI64YL,1,,,,,,,
5/23/24,YZVDHDMYZHI64YL,1,,,,,,,
5/23/24,XVQEJZGYZHI44YL,1,,,,,,,
5/23/24,XJ75-84YL,1,,,,,,,
5/22/24,YZVDHDMYZHI64YL,1,,,,,,,
5/22/24,YZVDHDMYZHI64YL,1,,,,,,,
5/22/24,FFH39467DK,1,,,,,,,
5/22/24,FFH39467DK,1,,,,,,,
5/22/24,FFH39467DK,1,,,,,,,
5/22/24,XJ75-84YL,1,,,,,,,
5/22/24,HRKVLZUSKMHH52RX,1,,,,,,,
5/22/24,XJ75-84YL,1,,,,,,,
5/22/24,YZVDHDMYZHI64YL,1,,,,,,,
5/22/24,FFH39467DK,1,,,,,,,
5/21/24,YZVDHDMYZHI94YL,1,,,,,,,
5/21/24,YZVDHDMYZHI64YL,1,,,,,,,
5/21/24,FFH39467DK,1,,,,,,,
5/21/24,FFH39467DK,1,,,,,,,
5/21/24,YZVDHDMYZHI64YL,1,,,,,,,
5/21/24,YZVDHDMYZHI64YL,1,,,,,,,
5/21/24,YZVDHDMYZHI64YL,1,,,,,,,
5/21/24,UK58452RX,1,,,,,,,
5/20/24,XJ75-84YL,1,,,,,,,
5/20/24,YZVDHDMYZHI64YL,1,,,,,,,
5/20/24,FFH39467DK,1,,,,,,,
5/19/24,FFH39467DK,1,,,,,,,
5/19/24,FFH39467DK,1,,,,,,,
5/19/24,YZVDHDMYZHI64YL,1,,,,,,,
5/19/24,YZVDHDMYZHI64YL,1,,,,,,,
5/19/24,YZVDHDMYZHI64YL,1,,,,,,,
5/18/24,YZVDHDMYZHI64YL,1,,,,,,,
5/18/24,YZVDHDMYZHI64YL,1,,,,,,,
5/18/24,YZVDHDMYZHI94YL,1,,,,,,,
5/18/24,YZVDHDMYZHI64YL,1,,,,,,,
5/18/24,YZVDHDMYZHI94YL,1,,,,,,,
5/18/24,HRKVLZUSKMHH52RX,1,,,,,,,
5/18/24,YZVDHDMYZHI64YL,1,,,,,,,
5/17/24,UK58452RX,1,,,,,,,
5/17/24,XJ75-84YL,1,,,,,,,
5/17/24,YZVDHDMYZHI64YL,1,,,,,,,
5/17/24,RFXWF52RX,1,,,,,,,
5/16/24,YZVDHDMYZHI64YL,1,,,,,,,
5/15/24,YZVDHDMYZHI64YL,1,,,,,,,
5/15/24,XJ75-84YL,1,,,,,,,
5/15/24,XJ75-84YL,1,,,,,,,
5/15/24,YZVDHDMYZHI64YL,1,,,,,,,
5/15/24,YZVDHDMYZHI94YL,1,,,,,,,
5/15/24,YZVDHDMYZHI64YL,1,,,,,,,
5/15/24,XJ75-84YL,1,,,,,,,
5/15/24,YZVDHDMYZHI64YL,1,,,,,,,
5/15/24,FFH39467DK,1,,,,,,,
5/15/24,YZVDHDMYZHI94YL,1,,,,,,,
5/15/24,YZVDHDMYZHI64YL,1,,,,,,,
5/14/24,XJ75-84YL,1,,,,,,,
5/14/24,YZVDHDMYZHI64YL,1,,,,,,,
5/14/24,YZVDHDMYZHI94YL,1,,,,,,,
5/14/24,FFH39467DK,1,,,,,,,
5/14/24,FFH39467DK,1,,,,,,,
5/14/24,UK58452RX,1,,,,,,,
5/14/24,XJ75-84YL,1,,,,,,,
5/14/24,YZVDHDMYZHI64YL,1,,,,,,,
5/14/24,YZVDHDMYZHI64YL,1,,,,,,,
5/14/24,YZVDHDMYZHI64YL,1,,,,,,,
5/14/24,XJ75-84YL,1,,,,,,,
5/14/24,XJ75-84YL,1,,,,,,,
5/14/24,UK58452RX,1,,,,,,,
5/14/24,XJ75-84YL,1,,,,,,,
5/14/24,HRKVLZUSKMHH52RX,1,,,,,,,
5/14/24,FFH39467DK,1,,,,,,,
5/13/24,YZVDHDMYZHI64YL,1,,,,,,,
5/13/24,YZVDHDMYZHI94YL,1,,,,,,,
5/13/24,YZVDHDMYZHI44YL,1,,,,,,,
5/13/24,XJ75-84YL,1,,,,,,,
5/13/24,YZVDHDMYZHI64YL,1,,,,,,,
5/13/24,XJ75-84YL,1,,,,,,,
5/13/24,YZVDHDMYZHI64YL,1,,,,,,,
5/13/24,FFH39467DK,1,,,,,,,
5/13/24,YZVDHDMYZHI64YL,1,,,,,,,
5/13/24,FFH39467DK,1,,,,,,,
5/13/24,XJ75-84YL,1,,,,,,,
5/13/24,FFH39467DK,1,,,,,,,
5/13/24,YZVDHDMYZHI64YL,1,,,,,,,
5/13/24,XJ75-84YL,1,,,,,,,
5/13/24,YZVDHDMYZHI94YL,1,,,,,,,
5/13/24,FFH39467DK,1,,,,,,,
5/12/24,YZVDHDMYZHI94YL,1,,,,,,,
5/11/24,YZVDHDMYZHI64YL,1,,,,,,,
5/11/24,YZVDHDMYZHI94YL,1,,,,,,,
5/11/24,YZVDHDMYZHI64YL,1,,,,,,,
5/11/24,XJ75-84YL,1,,,,,,,
5/11/24,YZVDHDMYZHI64YL,1,,,,,,,
5/11/24,XJ75-84YL,1,,,,,,,
5/11/24,YZVDHDMYZHI64YL,1,,,,,,,
5/10/24,XVQEJZGYZHI44YL,1,,,,,,,
5/10/24,HRKVLZUSKMHH52RX,1,,,,,,,
5/10/24,UK58452RX,1,,,,,,,
5/10/24,YZVDHDMYZHI64YL,1,,,,,,,
5/10/24,YZVDHDMYZHI64YL,1,,,,,,,
5/10/24,FFH39467DK,1,,,,,,,
5/9/24,YZVDHDMYZHI64YL,1,,,,,,,
5/9/24,YZVDHDMYZHI94YL,1,,,,,,,
5/9/24,YZVDHDMYZHI64YL,1,,,,,,,
5/9/24,YZVDHDMYZHI64YL,1,,,,,,,
5/9/24,FFH39467DK,1,,,,,,,
5/9/24,YZVDHDMYZHI64YL,1,,,,,,,
5/9/24,UK58452RX,1,,,,,,,
5/8/24,YZVDHDMYZHI64YL,1,,,,,,,
5/8/24,FFH39467DK,1,,,,,,,
5/8/24,YZVDHDMYZHI64YL,1,,,,,,,
5/8/24,HRKVLZUSKMHH52RX,1,,,,,,,
5/8/24,XJ75-84YL,1,,,,,,,
5/8/24,FFH39467DK,1,,,,,,,
5/8/24,YZVDHDMYZHI64YL,1,,,,,,,
5/7/24,HRKVLZUSKMHH52RX,1,,,,,,,
5/7/24,YZVDHDMYZHI94YL,1,,,,,,,
5/7/24,FFH39467DK,1,,,,,,,
5/7/24,FFH39467DK,1,,,,,,,
5/7/24,YZVDHDMYZHI64YL,1,,,,,,,
5/7/24,YZVDHDMYZHI64YL,1,,,,,,,
5/7/24,YZVDHDMYZHI64YL,1,,,,,,,
5/7/24,YZVDHDMYZHI64YL,1,,,,,,,
5/7/24,UK58452RX,1,,,,,,,
5/7/24,XVQEJZGYZHI44YL,1,,,,,,,
5/6/24,YZVDHDMYZHI64YL,1,,,,,,,
5/6/24,FFH39467DK,1,,,,,,,
5/6/24,YZVDHDMYZHI64YL,1,,,,,,,
5/6/24,YZVDHDMYZHI94YL,1,,,,,,,
5/6/24,YZVDHDMYZHI64YL,1,,,,,,,
5/6/24,YZVDHDMYZHI64YL,1,,,,,,,
5/6/24,XJ75-84YL,1,,,,,,,
5/5/24,YZVDHDMYZHI64YL,1,,,,,,,
5/5/24,YZVDHDMYZHI64YL,1,,,,,,,
5/4/24,YZVDHDMYZHI64YL,1,,,,,,,
5/4/24,YZVDHDMYZHI94YL,1,,,,,,,
5/4/24,HRKVLZUSKMHH52RX,1,,,,,,,
5/3/24,YZVDHDMYZHI64YL,1,,,,,,,
5/3/24,YZVDHDMYZHI64YL,1,,,,,,,
5/2/24,YZVDHDMYZHI64YL,1,,,,,,,
5/2/24,XJ75-84YL,1,,,,,,,
5/2/24,FFH39467DK,1,,,,,,,
5/2/24,FFH39467DK,1,,,,,,,
5/2/24,YZVDHDMYZHI64YL,1,,,,,,,
5/1/24,YZVDHDMYZHI64YL,1,,,,,,,
5/1/24,HRKVLZUSKMHH52RX,1,,,,,,,
5/1/24,YZVDHDMYZHI64YL,1,,,,,,,
5/1/24,XJ75-84YL,1,,,,,,,
5/1/24,YZVDHDMYZHI64YL,1,,,,,,,
5/1/24,YZVDHDMYZHI64YL,1,,,,,,,
5/1/24,XJ75-84YL,1,,,,,,,
5/1/24,YZVDHDMYZHI64YL,1,,,,,,,
5/1/24,YZVDHDMYZHI64YL,1,,,,,,,
4/30/24,YZVDHDMYZHI64YL,1,,,,,,,
4/30/24,FFH39467DK,1,,,,,,,
4/30/24,HRKVLZUSKMHH52RX,1,,,,,,,
4/30/24,YZVDHDMYZHI64YL,1,,,,,,,
4/30/24,YZVDHDMYZHI64YL,1,,,,,,,
4/30/24,HRKVLZUSKMHH52RX,1,,,,,,,
4/30/24,YZVDHDMYZHI64YL,1,,,,,,,
4/30/24,XJ75-84YL,1,,,,,,,
4/30/24,YZVDHDMYZHI64YL,1,,,,,,,
4/30/24,YZVDHDMYZHI64YL,1,,,,,,,
4/30/24,YZVDHDMYZHI64YL,1,,,,,,,
4/30/24,YZVDHDMYZHI94YL,1,,,,,,,
4/30/24,FFH39467DK,1,,,,,,,
4/30/24,FFH39467DK,1,,,,,,,
4/29/24,YZVDHDMYZHI64YL,1,,,,,,,
4/29/24,YZVDHDMYZHI94YL,1,,,,,,,
4/29/24,YZVDHDMYZHI64YL,1,,,,,,,
4/29/24,FFH39467DK,1,,,,,,,
4/29/24,XJ75-84YL,1,,,,,,,
4/29/24,YZVDHDMYZHI64YL,1,,,,,,,
4/29/24,FFH39467DK,1,,,,,,,
4/29/24,XVQEJZGYZHI44YL,3,,,,,,,
4/29/24,XVQEJZGYZHI44YL,1,,,,,,,
4/29/24,YZVDHDMYZHI64YL,1,,,,,,,
4/29/24,YZVDHDMYZHI64YL,1,,,,,,,
4/29/24,HRKVLZUSKMHH52RX,1,,,,,,,
4/29/24,HRKVLZUSKMHH52RX,1,,,,,,,
4/29/24,XJ75-84YL,1,,,,,,,
4/29/24,HRKVLZUSKMHH52RX,1,,,,,,,
4/28/24,YZVDHDMYZHI94YL,1,,,,,,,
4/28/24,YZVDHDMYZHI64YL,1,,,,,,,
4/28/24,FFH39467DK,1,,,,,,,
4/28/24,UK58452RX,1,,,,,,,
4/28/24,YZVDHDMYZHI64YL,1,,,,,,,
4/28/24,YZVDHDMYZHI64YL,1,,,,,,,
4/28/24,HRKVLZUSKMHH52RX,1,,,,,,,
4/28/24,XJ75-84YL,1,,,,,,,
4/28/24,YZVDHDMYZHI64YL,1,,,,,,,
4/27/24,GGG58135DK,1,,,,,,,
4/27/24,XJ75-84YL,1,,,,,,,
4/26/24,FFH39467DK,1,,,,,,,
4/26/24,YZVDHDMYZHI64YL,1,,,,,,,
4/26/24,YZVDHDMYZHI64YL,1,,,,,,,
4/26/24,YZVDHDMYZHI64YL,1,,,,,,,
4/26/24,YZVDHDMYZHI64YL,1,,,,,,,
4/26/24,FFH39467DK,1,,,,,,,
4/26/24,YZVDHDMYZHI64YL,1,,,,,,,
4/26/24,FFH39467DK,1,,,,,,,
4/25/24,YZVDHDMYZHI64YL,1,,,,,,,
4/25/24,UK58452RX,1,,,,,,,
4/25/24,YZVDHDMYZHI64YL,1,,,,,,,
4/24/24,YZVDHDMYZHI64YL,1,,,,,,,
4/24/24,YZVDHDMYZHI64YL,1,,,,,,,
4/24/24,YZVDHDMYZHI64YL,1,,,,,,,
4/24/24,YZVDHDMYZHI64YL,1,,,,,,,
4/24/24,FFH39467DK,1,,,,,,,
4/24/24,FFH39467DK,1,,,,,,,
4/24/24,FFH39467DK,1,,,,,,,
4/24/24,YZVDHDMYZHI64YL,1,,,,,,,
4/24/24,YZVDHDMYZHI94YL,1,,,,,,,
4/23/24,YZVDHDMYZHI64YL,1,,,,,,,
4/23/24,YZVDHDMYZHI94YL,1,,,,,,,
4/23/24,FFH39467DK,1,,,,,,,
4/23/24,YZVDHDMYZHI64YL,1,,,,,,,
4/23/24,XJ75-84YL,1,,,,,,,
4/23/24,YZVDHDMYZHI64YL,1,,,,,,,
4/23/24,YZVDHDMYZHI64YL,1,,,,,,,
4/22/24,XJ75-84YL,1,,,,,,,
4/22/24,YZVDHDMYZHI64YL,1,,,,,,,
4/22/24,FFH39467DK,1,,,,,,,
4/22/24,YZVDHDMYZHI64YL,1,,,,,,,
4/22/24,FFH39467DK,1,,,,,,,
4/22/24,YZVDHDMYZHI64YL,1,,,,,,,
4/22/24,YZVDHDMYZHI64YL,1,,,,,,,
4/22/24,XVQEJZGYZHI44YL,1,,,,,,,
4/21/24,YZVDHDMYZHI64YL,1,,,,,,,
4/21/24,YZVDHDMYZHI64YL,1,,,,,,,
4/21/24,YZVDHDMYZHI94YL,1,,,,,,,
4/21/24,FFH39467DK,1,,,,,,,
4/21/24,XJ75-84YL,1,,,,,,,
4/19/24,HRKVLZUSKMHH52RX,1,,,,,,,
4/19/24,YZVDHDMYZHI64YL,1,,,,,,,
4/19/24,XJ75-84YL,1,,,,,,,
4/19/24,YZVDHDMYZHI64YL,1,,,,,,,
4/19/24,YZVDHDMYZHI94YL,10,,,,,,,
4/19/24,LYOGX92RX,1,,,,,,,
4/19/24,YZVDHDMYZHI64YL,1,,,,,,,
4/18/24,YZVDHDMYZHI64YL,1,,,,,,,
4/18/24,YZVDHDMYZHI64YL,1,,,,,,,
4/18/24,FFH39467DK,1,,,,,,,
4/18/24,YZVDHDMYZHI64YL,1,,,,,,,
4/17/24,YZVDHDMYZHI64YL,1,,,,,,,
4/17/24,YZVDHDMYZHI64YL,1,,,,,,,
4/17/24,HRKVLZUSKMHH52RX,1,,,,,,,
4/17/24,FFH39467DK,1,,,,,,,
4/17/24,YZVDHDMYZHI64YL,1,,,,,,,
4/17/24,YZVDHDMYZHI64YL,1,,,,,,,
4/17/24,XJ75-84YL,1,,,,,,,
4/17/24,YZVDHDMYZHI64YL,1,,,,,,,
4/17/24,HRKVLZUSKMHH52RX,1,,,,,,,
4/17/24,YZVDHDMYZHI64YL,1,,,,,,,
4/17/24,YZVDHDMYZHI64YL,1,,,,,,,
4/17/24,FFH39467DK,1,,,,,,,
4/17/24,YZVDHDMYZHI64YL,1,,,,,,,
4/17/24,YZVDHDMYZHI64YL,1,,,,,,,
4/16/24,YZVDHDMYZHI64YL,1,,,,,,,
4/16/24,XJ75-84YL,1,,,,,,,
4/16/24,YZVDHDMYZHI64YL,1,,,,,,,
4/16/24,YZVDHDMYZHI64YL,1,,,,,,,
4/16/24,YZVDHDMYZHI64YL,1,,,,,,,
4/16/24,YZVDHDMYZHI64YL,1,,,,,,,
4/16/24,YZVDHDMYZHI64YL,1,,,,,,,
4/16/24,YZVDHDMYZHI64YL,1,,,,,,,
4/16/24,GGG58135DK,1,,,,,,,
4/16/24,FFH39467DK,1,,,,,,,
4/15/24,XVQEJZGYZHI44YL,1,,,,,,,
4/15/24,YZVDHDMYZHI64YL,1,,,,,,,
4/15/24,XJ75-84YL,1,,,,,,,
4/15/24,UK58452RX,1,,,,,,,
4/15/24,YZVDHDMYZHI64YL,1,,,,,,,
4/15/24,YZVDHDMYZHI64YL,1,,,,,,,
4/15/24,YZVDHDMYZHI64YL,1,,,,,,,
4/15/24,YZVDHDMYZHI64YL,1,,,,,,,
4/15/24,XJ75-84YL,1,,,,,,,
4/15/24,FFH39467DK,1,,,,,,,
4/15/24,YZVDHDMYZHI64YL,1,,,,,,,
4/15/24,YZVDHDMYZHI64YL,1,,,,,,,
4/15/24,YZVDHDMYZHI64YL,1,,,,,,,
4/15/24,LYVT56YL,-1,,,,,,,
4/15/24,YZVDHDMYZHI64YL,1,,,,,,,
4/14/24,FFH39467DK,1,,,,,,,
4/14/24,FFH39467DK,1,,,,,,,
4/13/24,YZVDHDMYZHI64YL,1,,,,,,,
4/13/24,XJ75-84YL,1,,,,,,,
4/13/24,XJ75-84YL,1,,,,,,,
4/13/24,YZVDHDMYZHI64YL,1,,,,,,,
4/13/24,YZVDHDMYZHI64YL,1,,,,,,,
4/13/24,YZVDHDMYZHI64YL,1,,,,,,,
4/13/24,XJ75-84YL,1,,,,,,,
4/13/24,YZVDHDMYZHI64YL,1,,,,,,,
4/13/24,YZVDHDMYZHI64YL,1,,,,,,,
4/13/24,YZVDHDMYZHI64YL,1,,,,,,,
4/12/24,XJ75-84YL,1,,,,,,,
4/12/24,XJ75-84YL,1,,,,,,,
4/12/24,YZVDHDMYZHI64YL,1,,,,,,,
4/12/24,FFH39467DK,1,,,,,,,
4/12/24,XVQEJZGYZHI44YL,1,,,,,,,
4/12/24,YZVDHDMYZHI64YL,1,,,,,,,
4/12/24,FFH39467DK,1,,,,,,,
4/12/24,YZVDHDMYZHI94YL,1,,,,,,,
4/11/24,UK58452RX,1,,,,,,,
4/11/24,YZVDHDMYZHI64YL,1,,,,,,,
4/11/24,YZVDHDMYZHI64YL,1,,,,,,,
4/11/24,FFH39467DK,1,,,,,,,
4/10/24,YZVDHDMYZHI64YL,1,,,,,,,
4/10/24,YZVDHDMYZHI64YL,1,,,,,,,
4/10/24,HRKVLZUSKMHH52RX,1,,,,,,,
4/10/24,YZVDHDMYZHI94YL,1,,,,,,,
4/10/24,YZVDHDMYZHI64YL,1,,,,,,,
4/10/24,YZVDHDMYZHI64YL,1,,,,,,,
4/10/24,FFH39467DK,1,,,,,,,
4/10/24,XJ75-84YL,1,,,,,,,
4/10/24,FFH39467DK,1,,,,,,,
4/9/24,FFH39467DK,1,,,,,,,
4/9/24,YZVDHDMYZHI94YL,1,,,,,,,
4/9/24,YZVDHDMYZHI64YL,1,,,,,,,
4/9/24,YZVDHDMYZHI64YL,1,,,,,,,
4/9/24,YZVDHDMYZHI64YL,1,,,,,,,
4/9/24,FFH39467DK,1,,,,,,,
4/9/24,FFH39467DK,1,,,,,,,
4/9/24,FFH39467DK,1,,,,,,,
4/9/24,UK58452RX,1,,,,,,,
4/9/24,FFH39467DK,1,,,,,,,
4/8/24,XVQEJZGYZHI44YL,1,,,,,,,
4/8/24,YZVDHDMYZHI64YL,1,,,,,,,
4/8/24,YZVDHDMYZHI64YL,1,,,,,,,
4/8/24,XJ75-84YL,1,,,,,,,
4/8/24,FFH39467DK,1,,,,,,,
4/8/24,YZVDHDMYZHI64YL,1,,,,,,,
4/8/24,YZVDHDMYZHI64YL,1,,,,,,,
4/8/24,YZVDHDMYZHI64YL,1,,,,,,,
4/8/24,YZVDHDMYZHI94YL,1,,,,,,,
4/8/24,YZVDHDMYZHI64YL,1,,,,,,,
4/8/24,XJ75-84YL,1,,,,,,,
4/8/24,XJ75-84YL,1,,,,,,,
4/8/24,YZVDHDMYZHI64YL,1,,,,,,,
4/7/24,XJ75-84YL,1,,,,,,,
4/7/24,XJ75-84YL,1,,,,,,,
4/7/24,HRKVLZUSKMHH52RX,1,,,,,,,
4/7/24,FFH39467DK,1,,,,,,,
4/7/24,YZVDHDMYZHI64YL,1,,,,,,,
4/6/24,YZVDHDMYZHI64YL,1,,,,,,,
4/6/24,YZVDHDMYZHI64YL,1,,,,,,,
4/6/24,YZVDHDMYZHI94YL,1,,,,,,,
4/6/24,HAG5537BZXLRIFIRG6PU,1,,,,,,,
4/6/24,YZVDHDMYZHI64YL,1,,,,,,,
4/6/24,FFH39467DK,1,,,,,,,
4/6/24,YZVDHDMYZHI64YL,1,,,,,,,
4/6/24,HRKVLZUSKMHH52RX,1,,,,,,,
4/6/24,XJ75-84YL,1,,,,,,,
4/6/24,FFH39467DK,1,,,,,,,
4/6/24,FFH39467DK,1,,,,,,,
4/6/24,YZVDHDMYZHI94YL,1,,,,,,,
4/6/24,FFH39467DK,1,,,,,,,
4/6/24,YZVDHDMYZHI64YL,1,,,,,,,
4/6/24,YZVDHDMYZHI64YL,1,,,,,,,
4/5/24,XVQEJZGYZHI44YL,1,,,,,,,
4/5/24,XVQEJZGYZHI44YL,1,,,,,,,
4/4/24,YZVDHDMYZHI64YL,1,,,,,,,
4/4/24,YZVDHDMYZHI64YL,1,,,,,,,
4/4/24,YZVDHDMYZHI64YL,1,,,,,,,
4/4/24,YZVDHDMYZHI64YL,1,,,,,,,
4/4/24,FFH39467DK,1,,,,,,,
4/4/24,YZVDHDMYZHI94YL,1,,,,,,,
4/4/24,YZVDHDMYZHI64YL,1,,,,,,,
4/3/24,YZVDHDMYZHI64YL,1,,,,,,,
4/3/24,YZVDHDMYZHI64YL,1,,,,,,,
4/3/24,XJ75-84YL,1,,,,,,,
4/3/24,YZVDHDMYZHI64YL,1,,,,,,,
4/3/24,YZVDHDMYZHI64YL,1,,,,,,,
4/3/24,YZVDHDMYZHI64YL,1,,,,,,,
4/3/24,YZVDHDMYZHI64YL,1,,,,,,,
4/3/24,YZVDHDMYZHI64YL,1,,,,,,,
4/3/24,YZVDHDMYZHI64YL,1,,,,,,,
4/3/24,FFH39467DK,1,,,,,,,
4/3/24,XJ75-84YL,1,,,,,,,
4/3/24,YZVDHDMYZHI64YL,1,,,,,,,
4/3/24,YZVDHDMYZHI64YL,1,,,,,,,
4/3/24,FFH39467DK,1,,,,,,,
4/3/24,YZVDHDMYZHI64YL,1,,,,,,,
4/3/24,YZVDHDMYZHI94YL,1,,,,,,,
4/3/24,YZVDHDMYZHI94YL,1,,,,,,,
4/3/24,FFH39467DK,1,,,,,,,
4/3/24,YZVDHDMYZHI64YL,1,,,,,,,
4/3/24,YZVDHDMYZHI64YL,1,,,,,,,
4/2/24,HRKVLZUSKMHH52RX,1,,,,,,,
4/2/24,FFH39467DK,1,,,,,,,
4/2/24,YZVDHDMYZHI64YL,1,,,,,,,
4/2/24,FFH39467DK,1,,,,,,,
4/2/24,XJ75-84YL,1,,,,,,,
4/2/24,YZVDHDMYZHI94YL,1,,,,,,,
4/2/24,YZVDHDMYZHI64YL,1,,,,,,,
4/2/24,XVQEJZGYZHI44YL,1,,,,,,,
4/2/24,YZVDHDMYZHI64YL,1,,,,,,,
4/2/24,XJ75-84YL,1,,,,,,,
4/2/24,YZVDHDMYZHI64YL,1,,,,,,,
4/1/24,YZVDHDMYZHI94YL,1,,,,,,,
4/1/24,YZVDHDMYZHI94YL,1,,,,,,,
4/1/24,YZVDHDMYZHI64YL,1,,,,,,,
4/1/24,YZVDHDMYZHI64YL,1,,,,,,,
4/1/24,FFH39467DK,1,,,,,,,
4/1/24,YZVDHDMYZHI94YL,1,,,,,,,
4/1/24,YZVDHDMYZHI94YL,1,,,,,,,
4/1/24,YZVDHDMYZHI64YL,1,,,,,,,
4/1/24,YZVDHDMYZHI94YL,1,,,,,,,
4/1/24,FFH39467DK,1,,,,,,,
4/1/24,YZVDHDMYZHI64YL,1,,,,,,,
4/1/24,YZVDHDMYZHI64YL,1,,,,,,,
4/1/24,XJ75-84YL,1,,,,,,,
3/30/24,YZVDHDMYZHI64YL,1,,,,,,,
3/30/24,YZVDHDMYZHI64YL,1,,,,,,,
3/30/24,FFH39467DK,1,,,,,,,
3/29/24,YZVDHDMYZHI94YL,1,,,,,,,
3/29/24,GGG5814RX,1,,,,,,,
3/29/24,FFH39467DK,1,,,,,,,
3/29/24,MTK9342NL,1,,,,,,,
3/29/24,YZVDHDMYZHI64YL,1,,,,,,,
3/29/24,YZVDHDMYZHI94YL,1,,,,,,,
3/29/24,HRKVLZUSKMHH52RX,1,,,,,,,
3/29/24,YZVDHDMYZHI64YL,1,,,,,,,
3/29/24,FFH39467DK,1,,,,,,,
3/28/24,FFH39467DK,1,,,,,,,
3/28/24,HRKVLZUSKMHH52RX,1,,,,,,,
3/28/24,YZVDHDMYZHI94YL,1,,,,,,,
3/27/24,YZVDHDMYZHI64YL,1,,,,,,,
3/27/24,XJ75-84YL,1,,,,,,,
3/27/24,FFH39467DK,1,,,,,,,
3/27/24,YZVDHDMYZHI64YL,1,,,,,,,
3/27/24,YZVDHDMYZHI64YL,1,,,,,,,
3/27/24,HRKVLZUSKMHH52RX,1,,,,,,,
3/27/24,FFH39467DK,1,,,,,,,
3/27/24,XJ75-84YL,1,,,,,,,
3/26/24,XJ75-84YL,1,,,,,,,
3/26/24,YZVDHDMYZHI64YL,1,,,,,,,
3/25/24,YZVDHDMYZHI64YL,1,,,,,,,
3/25/24,YZVDHDMYZHI64YL,1,,,,,,,
3/25/24,YZVDHDMYZHI64YL,1,,,,,,,
3/25/24,YZVDHDMYZHI94YL,1,,,,,,,
3/25/24,YZVDHDMYZHI64YL,1,,,,,,,
3/25/24,XJ75-84YL,1,,,,,,,
3/25/24,YZVDHDMYZHI64YL,1,,,,,,,
3/24/24,YZVDHDMYZHI64YL,1,,,,,,,
3/24/24,YZVDHDMYZHI64YL,1,,,,,,,
3/24/24,XJ75-84YL,1,,,,,,,
3/24/24,YZVDHDMYZHI64YL,1,,,,,,,
3/24/24,XVQEJZGYZHI44YL,1,,,,,,,
3/24/24,XVQEJZGYZHI44YL,1,,,,,,,
3/24/24,HRKVLZUSKMHH52RX,1,,,,,,,
3/24/24,FFH39467DK,1,,,,,,,
3/23/24,HRKVLZUSKMHH52RX,1,,,,,,,
3/23/24,YZVDHDMYZHI64YL,1,,,,,,,
3/23/24,YZVDHDMYZHI64YL,1,,,,,,,
3/23/24,YZVDHDMYZHI64YL,1,,,,,,,
3/23/24,YZVDHDMYZHI64YL,1,,,,,,,
3/23/24,XJ75-84YL,1,,,,,,,
3/23/24,YZVDHDMYZHI64YL,1,,,,,,,
3/23/24,XVQEJZGYZHI44YL,1,,,,,,,
3/22/24,YZVDHDMYZHI64YL,1,,,,,,,
3/22/24,XJ75-84YL,1,,,,,,,
3/22/24,YZVDHDMYZHI64YL,1,,,,,,,
3/22/24,YZVDHDMYZHI64YL,1,,,,,,,
3/22/24,YZVDHDMYZHI64YL,1,,,,,,,
3/22/24,YZVDHDMYZHI64YL,1,,,,,,,
3/22/24,XJ75-84YL,1,,,,,,,
3/21/24,YZVDHDMYZHI94YL,1,,,,,,,
3/21/24,FFH39467DK,1,,,,,,,
3/21/24,YZVDHDMYZHI94YL,1,,,,,,,
3/21/24,YZVDHDMYZHI64YL,1,,,,,,,
3/21/24,YZVDHDMYZHI94YL,1,,,,,,,
3/20/24,HRKVLZUSKMHH52RX,1,,,,,,,
3/20/24,YZVDHDMYZHI64YL,1,,,,,,,
3/20/24,FFH39467DK,1,,,,,,,
3/20/24,YZVDHDMYZHI64YL,1,,,,,,,
3/20/24,YZVDHDMYZHI64YL,1,,,,,,,
3/20/24,YZVDHDMYZHI64YL,1,,,,,,,
3/20/24,FFH39467DK,1,,,,,,,
3/20/24,YZVDHDMYZHI94YL,1,,,,,,,
3/20/24,YZVDHDMYZHI94YL,1,,,,,,,
3/20/24,XJ75-84YL,1,,,,,,,
3/20/24,YZVDHDMYZHI64YL,1,,,,,,,
3/20/24,YZVDHDMYZHI64YL,1,,,,,,,
3/20/24,FFH39467DK,1,,,,,,,
3/20/24,XJ75-84YL,1,,,,,,,
3/20/24,YZVDHDMYZHI64YL,1,,,,,,,
3/20/24,YZVDHDMYZHI64YL,1,,,,,,,
3/20/24,YZVDHDMYZHI94YL,1,,,,,,,
3/19/24,YZVDHDMYZHI64YL,1,,,,,,,
3/19/24,YZVDHDMYZHI64YL,1,,,,,,,
3/19/24,YZVDHDMYZHI94YL,1,,,,,,,
3/19/24,FFH39467DK,1,,,,,,,
3/19/24,FFH39467DK,1,,,,,,,
3/19/24,YZVDHDMYZHI94YL,1,,,,,,,
3/19/24,YZVDHDMYZHI64YL,1,,,,,,,
3/19/24,XJ75-44YL,1,,,,,,,
3/19/24,YZVDHDMYZHI94YL,1,,,,,,,
3/18/24,YZVDHDMYZHI64YL,1,,,,,,,
3/18/24,XJ75-84YL,1,,,,,,,
3/18/24,FFH39467DK,1,,,,,,,
3/18/24,YZVDHDMYZHI64YL,1,,,,,,,
3/18/24,YZVDHDMYZHI64YL,1,,,,,,,
3/18/24,XJ75-84YL,1,,,,,,,
3/18/24,YZVDHDMYZHI64YL,1,,,,,,,
3/18/24,YZVDHDMYZHI64YL,1,,,,,,,
3/17/24,YZVDHDMYZHI64YL,1,,,,,,,
3/17/24,YZVDHDMYZHI64YL,1,,,,,,,
3/17/24,YZVDHDMYZHI64YL,1,,,,,,,
3/17/24,YZVDHDMYZHI64YL,1,,,,,,,
3/17/24,YZVDHDMYZHI64YL,1,,,,,,,
3/17/24,YZVDHDMYZHI64YL,1,,,,,,,
3/16/24,XJ75-84YL,1,,,,,,,
3/16/24,YZVDHDMYZHI64YL,1,,,,,,,
3/16/24,YZVDHDMYZHI64YL,1,,,,,,,
3/16/24,YZVDHDMYZHI64YL,1,,,,,,,
3/16/24,YZVDHDMYZHI64YL,1,,,,,,,
3/15/24,YZVDHDMYZHI64YL,1,,,,,,,
3/15/24,XVQEJZGYZHI44YL,1,,,,,,,
3/15/24,YZVDHDMYZHI64YL,1,,,,,,,
3/15/24,YZVDHDMYZHI94YL,1,,,,,,,
3/15/24,XJ75-84YL,1,,,,,,,
3/15/24,YZVDHDMYZHI64YL,1,,,,,,,
3/15/24,FFH39467DK,1,,,,,,,
3/15/24,XJ75-84YL,1,,,,,,,
3/15/24,YZVDHDMYZHI64YL,1,,,,,,,
3/14/24,XJ75-84YL,1,,,,,,,
3/14/24,YZVDHDMYZHI64YL,1,,,,,,,
3/14/24,YZVDHDMYZHI64YL,1,,,,,,,
3/14/24,FFH39467DK,1,,,,,,,
3/13/24,YZVDHDMYZHI94YL,1,,,,,,,
3/13/24,YZVDHDMYZHI94YL,1,,,,,,,
3/13/24,UK58452RX,1,,,,,,,
3/13/24,FFH39467DK,1,,,,,,,
3/13/24,YZVDHDMYZHI64YL,1,,,,,,,
3/13/24,FFH39467DK,1,,,,,,,
3/13/24,YZVDHDMYZHI64YL,1,,,,,,,
3/13/24,FFH39467DK,1,,,,,,,
3/13/24,GGG58135DK,1,,,,,,,
3/13/24,YZVDHDMYZHI64YL,1,,,,,,,
3/13/24,FFH39467DK,1,,,,,,,
3/13/24,XJ75-84YL,1,,,,,,,
3/13/24,YZVDHDMYZHI64YL,1,,,,,,,
3/13/24,YZVDHDMYZHI94YL,1,,,,,,,
3/13/24,XJ75-84YL,1,,,,,,,
3/12/24,YZVDHDMYZHI64YL,1,,,,,,,
3/12/24,YZVDHDMYZHI64YL,1,,,,,,,
3/12/24,YZVDHDMYZHI64YL,1,,,,,,,
3/12/24,YZVDHDMYZHI94YL,1,,,,,,,
3/12/24,YZVDHDMYZHI94YL,1,,,,,,,
3/12/24,HRKVLZUSKMHH52RX,1,,,,,,,
3/12/24,UK58452RX,1,,,,,,,
3/11/24,FFH39467DK,1,,,,,,,
3/11/24,XJ75-84YL,1,,,,,,,
3/11/24,FFH39467DK,1,,,,,,,
3/11/24,FFH39467DK,1,,,,,,,
3/11/24,XJ75-84YL,1,,,,,,,
3/11/24,XJ75-84YL,1,,,,,,,
3/11/24,YZVDHDMYZHI64YL,1,,,,,,,
3/11/24,XVQEJZGYZHI44YL,1,,,,,,,
3/11/24,HRKVLZUSKMHH52RX,1,,,,,,,
3/11/24,YZVDHDMYZHI94YL,1,,,,,,,
3/11/24,YZVDHDMYZHI64YL,1,,,,,,,
3/11/24,YZVDHDMYZHI94YL,1,,,,,,,
3/11/24,FFH39467DK,1,,,,,,,
3/11/24,XVQEJZGYZHI44YL,1,,,,,,,
3/10/24,FFH39467DK,1,,,,,,,
3/10/24,YZVDHDMYZHI94YL,1,,,,,,,
3/8/24,YZVDHDMYZHI94YL,1,,,,,,,
3/8/24,YZVDHDMYZHI64YL,1,,,,,,,
3/8/24,XJ75-84YL,1,,,,,,,
3/8/24,XJ75-84YL,1,,,,,,,
3/8/24,YZVDHDMYZHI64YL,1,,,,,,,
3/8/24,YZVDHDMYZHI64YL,1,,,,,,,
3/8/24,YZVDHDMYZHI64YL,1,,,,,,,
3/7/24,YZVDHDMYZHI64YL,1,,,,,,,
3/7/24,XVQEJZGYZHI44YL,1,,,,,,,
3/7/24,YZVDHDMYZHI94YL,1,,,,,,,
3/7/24,XJ75-84YL,1,,,,,,,
3/7/24,FFH39467DK,1,,,,,,,
3/7/24,YZVDHDMYZHI64YL,1,,,,,,,
3/7/24,XJ75-84YL,1,,,,,,,
3/7/24,FFH39467DK,1,,,,,,,
3/7/24,FFH39467DK,1,,,,,,,
3/7/24,YZVDHDMYZHI64YL,1,,,,,,,
3/7/24,YZVDHDMYZHI64YL,1,,,,,,,
3/7/24,HRKVLZUSKMHH52RX,1,,,,,,,
3/6/24,FFH39467DK,1,,,,,,,
3/6/24,XJ75-84YL,1,,,,,,,
3/6/24,YZVDHDMYZHI64YL,1,,,,,,,
3/6/24,YZVDHDMYZHI64YL,1,,,,,,,
3/6/24,XJ75-84YL,1,,,,,,,
3/6/24,YZVDHDMYZHI94YL,1,,,,,,,
3/6/24,FFH39467DK,1,,,,,,,
3/6/24,FFH39467DK,1,,,,,,,
3/6/24,YZVDHDMYZHI64YL,1,,,,,,,
3/5/24,XJ75-84YL,1,,,,,,,
3/5/24,YZVDHDMYZHI64YL,1,,,,,,,
3/5/24,YZVDHDMYZHI64YL,1,,,,,,,
3/5/24,YZVDHDMYZHI94YL,1,,,,,,,
3/5/24,FFH39467DK,1,,,,,,,
3/5/24,FFH39467DK,1,,,,,,,
3/5/24,XJ75-84YL,1,,,,,,,
3/5/24,YZVDHDMYZHI64YL,1,,,,,,,
3/4/24,YZVDHDMYZHI64YL,1,,,,,,,
3/4/24,YZVDHDMYZHI64YL,1,,,,,,,
3/4/24,YZVDHDMYZHI94YL,1,,,,,,,
3/4/24,XJ75-84YL,1,,,,,,,
3/4/24,YZVDHDMYZHI64YL,1,,,,,,,
3/4/24,YZVDHDMYZHI94YL,1,,,,,,,
3/4/24,YZVDHDMYZHI64YL,1,,,,,,,
3/4/24,XJ75-84YL,1,,,,,,,
3/4/24,YZVDHDMYZHI64YL,1,,,,,,,
3/4/24,XVQEJZGYZHI44YL,1,,,,,,,
3/2/24,XJ75-84YL,1,,,,,,,
3/2/24,FFH39467DK,1,,,,,,,
3/2/24,YZVDHDMYZHI94YL,1,,,,,,,
3/2/24,XJ75-84YL,1,,,,,,,
3/2/24,YZVDHDMYZHI64YL,1,,,,,,,
3/2/24,YZVDHDMYZHI64YL,1,,,,,,,
3/2/24,YZVDHDMYZHI94YL,1,,,,,,,
3/2/24,XJ75-84YL,1,,,,,,,
3/2/24,HRKVLZUSKMHH52RX,1,,,,,,,
3/2/24,UK58452RX,1,,,,,,,
3/2/24,XVQEJZGYZHI44YL,1,,,,,,,
3/1/24,YZVDHDMYZHI94YL,1,,,,,,,
3/1/24,HRKVLZUSKMHH52RX,1,,,,,,,
3/1/24,XJ75-84YL,1,,,,,,,
3/1/24,YZVDHDMYZHI64YL,1,,,,,,,
3/1/24,YZVDHDMYZHI64YL,1,,,,,,,
3/1/24,YZVDHDMYZHI64YL,1,,,,,,,
3/1/24,YZVDHDMYZHI94YL,1,,,,,,,
3/1/24,YZVDHDMYZHI94YL,1,,,,,,,
3/1/24,YZVDHDMYZHI64YL,1,,,,,,,
2/29/24,YZVDHDMYZHI64YL,1,,,,,,,
2/29/24,YZVDHDMYZHI94YL,1,,,,,,,
2/29/24,YZVDHDMYZHI64YL,1,,,,,,,
2/29/24,FFH39467DK,1,,,,,,,
2/29/24,YZVDHDMYZHI64YL,1,,,,,,,
2/29/24,FFH39467DK,1,,,,,,,
2/29/24,YZVDHDMYZHI64YL,1,,,,,,,
2/29/24,YZVDHDMYZHI64YL,1,,,,,,,
2/29/24,YZVDHDMYZHI64YL,1,,,,,,,
2/29/24,FFH39467DK,1,,,,,,,
2/29/24,HRKVLZUSKMHH52RX,1,,,,,,,
2/29/24,YZVDHDMYZHI94YL,20,,,,,,,
2/28/24,RFXWF52RX,1,,,,,,,
2/28/24,YZVDHDMYZHI94YL,1,,,,,,,
2/28/24,YZVDHDMYZHI64YL,1,,,,,,,
2/28/24,FFH39467DK,1,,,,,,,
2/28/24,YZVDHDMYZHI64YL,1,,,,,,,
2/28/24,FFH39467DK,1,,,,,,,
2/28/24,YZVDHDMYZHI64YL,1,,,,,,,
2/28/24,YZVDHDMYZHI64YL,1,,,,,,,
2/27/24,YZVDHDMYZHI64YL,1,,,,,,,
2/27/24,YZVDHDMYZHI64YL,1,,,,,,,
2/27/24,YZVDHDMYZHI64YL,1,,,,,,,
2/27/24,YZVDHDMYZHI64YL,1,,,,,,,
2/27/24,YZVDHDMYZHI64YL,1,,,,,,,
2/26/24,XJ75-84YL,1,,,,,,,
2/26/24,XVQEJZGYZHI44YL,1,,,,,,,
2/26/24,FFH39467DK,1,,,,,,,
2/26/24,YZVDHDMYZHI64YL,1,,,,,,,
2/26/24,YZVDHDMYZHI64YL,1,,,,,,,
2/26/24,YZVDHDMYZHI64YL,1,,,,,,,
2/26/24,YZVDHDMYZHI94YL,1,,,,,,,
2/26/24,YZVDHDMYZHI64YL,1,,,,,,,
2/26/24,YZVDHDMYZHI64YL,1,,,,,,,
2/25/24,YZVDHDMYZHI64YL,1,,,,,,,
2/25/24,YZVDHDMYZHI64YL,1,,,,,,,
2/24/24,XVQEJZGYZHI44YL,1,,,,,,,
2/24/24,YZVDHDMYZHI94YL,1,,,,,,,
2/24/24,FFH39467DK,1,,,,,,,
2/24/24,YZVDHDMYZHI94YL,1,,,,,,,
2/24/24,FFH39467DK,1,,,,,,,
2/24/24,YZVDHDMYZHI64YL,1,,,,,,,
2/24/24,YZVDHDMYZHI64YL,1,,,,,,,
2/23/24,FFH39467DK,1,,,,,,,
2/23/24,YZVDHDMYZHI64YL,1,,,,,,,
2/23/24,XJ75-84YL,1,,,,,,,
2/23/24,YZVDHDMYZHI64YL,1,,,,,,,
2/23/24,XJ75-84YL,1,,,,,,,
2/23/24,FFH39467DK,1,,,,,,,
2/23/24,YZVDHDMYZHI64YL,1,,,,,,,
2/23/24,FFH39467DK,1,,,,,,,
2/23/24,YZVDHDMYZHI64YL,1,,,,,,,
2/23/24,XVQEJZGYZHI44YL,1,,,,,,,
2/23/24,YZVDHDMYZHI64YL,1,,,,,,,
2/22/24,FFH39467DK,1,,,,,,,
2/22/24,YZVDHDMYZHI64YL,1,,,,,,,
2/22/24,FFH39467DK,1,,,,,,,
2/22/24,FFH39467DK,1,,,,,,,
2/22/24,YZVDHDMYZHI64YL,1,,,,,,,
2/22/24,XJ75-84YL,1,,,,,,,
2/21/24,XJ75-84YL,1,,,,,,,
2/21/24,XJ75-84YL,1,,,,,,,
2/21/24,YZVDHDMYZHI94YL,1,,,,,,,
2/21/24,YZVDHDMYZHI64YL,1,,,,,,,
2/21/24,YZVDHDMYZHI64YL,1,,,,,,,
2/21/24,YZVDHDMYZHI94YL,1,,,,,,,
2/21/24,YZVDHDMYZHI64YL,1,,,,,,,
2/21/24,YZVDHDMYZHI94YL,1,,,,,,,
2/20/24,YZVDHDMYZHI64YL,1,,,,,,,
2/20/24,FFH39467DK,1,,,,,,,
2/20/24,YZVDHDMYZHI64YL,1,,,,,,,
2/20/24,XJ75-84YL,1,,,,,,,
2/20/24,FFH39467DK,1,,,,,,,
2/20/24,XJ75-84YL,1,,,,,,,
2/20/24,YZVDHDMYZHI64YL,1,,,,,,,
2/20/24,YZVDHDMYZHI64YL,1,,,,,,,
2/20/24,FFH39467DK,1,,,,,,,
2/20/24,YZVDHDMYZHI64YL,1,,,,,,,
2/20/24,FFH39467DK,1,,,,,,,
2/19/24,XJ75-84YL,1,,,,,,,
2/19/24,XJ75-84YL,1,,,,,,,
2/19/24,XJ75-84YL,1,,,,,,,
2/19/24,YZVDHDMYZHI64YL,1,,,,,,,
2/19/24,YZVDHDMYZHI64YL,1,,,,,,,
2/19/24,XJ75-84YL,1,,,,,,,
2/19/24,YZVDHDMYZHI94YL,1,,,,,,,
2/17/24,YZVDHDMYZHI64YL,1,,,,,,,
2/17/24,YZVDHDMYZHI64YL,1,,,,,,,
2/17/24,XJ75-84YL,1,,,,,,,
2/17/24,YZVDHDMYZHI64YL,1,,,,,,,
2/17/24,HRKVLZUSKMHH52RX,1,,,,,,,
2/17/24,FFH39467DK,1,,,,,,,
2/17/24,XJ75-84YL,1,,,,,,,
2/17/24,YZVDHDMYZHI64YL,1,,,,,,,
2/16/24,YZVDHDMYZHI64YL,1,,,,,,,
2/16/24,YZVDHDMYZHI94YL,1,,,,,,,
2/16/24,YZVDHDMYZHI64YL,1,,,,,,,
2/16/24,YZVDHDMYZHI64YL,1,,,,,,,
2/16/24,YZVDHDMYZHI94YL,1,,,,,,,
2/16/24,YZVDHDMYZHI64YL,1,,,,,,,
2/16/24,YZVDHDMYZHI94YL,1,,,,,,,
2/16/24,YZVDHDMYZHI64YL,1,,,,,,,
2/15/24,XJ75-84YL,1,,,,,,,
2/15/24,FFH39467DK,1,,,,,,,
2/15/24,YZVDHDMYZHI64YL,1,,,,,,,
2/15/24,FFH39467DK,1,,,,,,,
2/15/24,YZVDHDMYZHI64YL,1,,,,,,,
2/14/24,YZVDHDMYZHI64YL,1,,,,,,,
2/14/24,YZVDHDMYZHI64YL,1,,,,,,,
2/14/24,YZVDHDMYZHI64YL,1,,,,,,,
2/14/24,XJ75-84YL,1,,,,,,,
2/14/24,YZVDHDMYZHI64YL,1,,,,,,,
2/14/24,HRKVLZUSKMHH52RX,1,,,,,,,
2/14/24,FFH39467DK,1,,,,,,,
2/14/24,FFH39467DK,1,,,,,,,
2/14/24,GGG58135DK,1,,,,,,,
2/14/24,YZVDHDMYZHI64YL,1,,,,,,,
2/13/24,YZVDHDMYZHI64YL,1,,,,,,,
2/13/24,YZVDHDMYZHI94YL,1,,,,,,,
2/13/24,YZVDHDMYZHI64YL,1,,,,,,,
2/13/24,FFH39467DK,1,,,,,,,
2/13/24,UK58452RX,1,,,,,,,
2/13/24,XJ75-84YL,1,,,,,,,
2/12/24,YZVDHDMYZHI64YL,1,,,,,,,
2/12/24,XJ75-84YL,1,,,,,,,
2/12/24,YZVDHDMYZHI64YL,1,,,,,,,
2/12/24,YZVDHDMYZHI94YL,1,,,,,,,
2/12/24,YZVDHDMYZHI64YL,1,,,,,,,
2/12/24,YZVDHDMYZHI64YL,1,,,,,,,
2/10/24,XJ75-84YL,1,,,,,,,
2/10/24,HRKVLZUSKMHH52RX,1,,,,,,,
2/10/24,XJ75-84YL,1,,,,,,,
2/10/24,XVQEJZGYZHI44YL,1,,,,,,,
2/10/24,XVQEJZGYZHI44YL,1,,,,,,,
2/9/24,YZVDHDMYZHI64YL,1,,,,,,,
2/9/24,YZVDHDMYZHI94YL,1,,,,,,,
2/9/24,YZVDHDMYZHI64YL,1,,,,,,,
2/9/24,HRKVLZUSKMHH52RX,1,,,,,,,
2/9/24,YZVDHDMYZHI64YL,1,,,,,,,
2/9/24,XJ75-84YL,1,,,,,,,
2/9/24,FFH39467DK,1,,,,,,,
2/9/24,FFH39467DK,1,,,,,,,
2/9/24,YZVDHDMYZHI64YL,1,,,,,,,
2/9/24,XJ75-84YL,1,,,,,,,
2/9/24,YZVDHDMYZHI94YL,1,,,,,,,
2/9/24,FFH39467DK,1,,,,,,,
2/8/24,FFH39467DK,1,,,,,,,
2/8/24,YZVDHDMYZHI64YL,1,,,,,,,
2/8/24,FFH39467DK,1,,,,,,,
2/8/24,YZVDHDMYZHI64YL,1,,,,,,,
2/8/24,YZVDHDMYZHI64YL,1,,,,,,,
2/7/24,XJ75-84YL,1,,,,,,,
2/7/24,XJ75-84YL,1,,,,,,,
2/7/24,FFH39467DK,1,,,,,,,
2/7/24,YZVDHDMYZHI64YL,1,,,,,,,
2/7/24,YZVDHDMYZHI64YL,1,,,,,,,
2/7/24,YZVDHDMYZHI64YL,1,,,,,,,
2/7/24,YZVDHDMYZHI64YL,1,,,,,,,
2/7/24,YZVDHDMYZHI64YL,1,,,,,,,
2/7/24,YZVDHDMYZHI94YL,1,,,,,,,
2/7/24,YZVDHDMYZHI64YL,1,,,,,,,
2/7/24,XJ75-84YL,1,,,,,,,
2/6/24,XJ75-84YL,1,,,,,,,
2/6/24,YZVDHDMYZHI64YL,1,,,,,,,
2/6/24,YZVDHDMYZHI64YL,1,,,,,,,
2/6/24,FFH39467DK,1,,,,,,,
2/6/24,XJ75-84YL,1,,,,,,,
2/6/24,YZVDHDMYZHI64YL,1,,,,,,,
2/6/24,YZVDHDMYZHI64YL,1,,,,,,,
2/6/24,YZVDHDMYZHI94YL,1,,,,,,,
2/6/24,XJ75-84YL,1,,,,,,,
2/5/24,XJ75-84YL,1,,,,,,,
2/5/24,YZVDHDMYZHI94YL,1,,,,,,,
2/5/24,YZVDHDMYZHI94YL,1,,,,,,,
2/5/24,FFH39467DK,1,,,,,,,
2/5/24,XJ75-84YL,1,,,,,,,
2/4/24,YZVDHDMYZHI64YL,1,,,,,,,
2/4/24,YZVDHDMYZHI64YL,1,,,,,,,
2/4/24,YZVDHDMYZHI64YL,1,,,,,,,
2/4/24,YZVDHDMYZHI94YL,1,,,,,,,
2/3/24,YZVDHDMYZHI64YL,1,,,,,,,
2/3/24,YZVDHDMYZHI64YL,1,,,,,,,
2/3/24,YZVDHDMYZHI94YL,1,,,,,,,
2/3/24,XJ75-84YL,1,,,,,,,
2/3/24,YZVDHDMYZHI94YL,1,,,,,,,
2/3/24,YZVDHDMYZHI64YL,1,,,,,,,
2/3/24,YZVDHDMYZHI64YL,1,,,,,,,
2/3/24,YZVDHDMYZHI64YL,1,,,,,,,
2/3/24,GGG58135DK,1,,,,,,,
2/3/24,XJ75-84YL,1,,,,,,,
2/3/24,YZVDHDMYZHI64YL,1,,,,,,,
2/2/24,FFH39467DK,1,,,,,,,
2/2/24,FFH39467DK,1,,,,,,,
2/2/24,FFH39467DK,1,,,,,,,
2/2/24,XJ75-84YL,1,,,,,,,
2/2/24,XVQEJZGYZHI44YL,1,,,,,,,
2/2/24,YZVDHDMYZHI64YL,1,,,,,,,
2/1/24,YZVDHDMYZHI64YL,1,,,,,,,
2/1/24,XJ75-84YL,1,,,,,,,
2/1/24,YZVDHDMYZHI64YL,1,,,,,,,
2/1/24,YZVDHDMYZHI64YL,1,,,,,,,
2/1/24,YZVDHDMYZHI64YL,1,,,,,,,
2/1/24,YZVDHDMYZHI94YL,1,,,,,,,
2/1/24,FFH39467DK,1,,,,,,,
1/31/24,YZVDHDMYZHI64YL,1,,,,,,,
1/31/24,YZVDHDMYZHI64YL,1,,,,,,,
1/31/24,XJ75-84YL,1,,,,,,,
1/31/24,YZVDHDMYZHI94YL,1,,,,,,,
1/31/24,YZVDHDMYZHI64YL,1,,,,,,,
1/31/24,YZVDHDMYZHI94YL,1,,,,,,,
1/31/24,FFH39467DK,1,,,,,,,
1/31/24,YZVDHDMYZHI64YL,1,,,,,,,
1/31/24,YZVDHDMYZHI94YL,1,,,,,,,
1/31/24,FFH39467DK,1,,,,,,,
1/31/24,FFH39467DK,1,,,,,,,
1/31/24,YZVDHDMYZHI64YL,1,,,,,,,
1/31/24,YZVDHDMYZHI64YL,1,,,,,,,
1/31/24,RFXWF52RX,1,,,,,,,
1/31/24,YZVDHDMYZHI64YL,1,,,,,,,
1/31/24,XJ75-84YL,1,,,,,,,
1/30/24,YZVDHDMYZHI94YL,1,,,,,,,
1/30/24,YZVDHDMYZHI64YL,1,,,,,,,
1/30/24,FFH39467DK,1,,,,,,,
1/30/24,YZVDHDMYZHI64YL,1,,,,,,,
1/30/24,XJ75-84YL,1,,,,,,,
1/30/24,FFH39467DK,1,,,,,,,
1/30/24,YZVDHDMYZHI64YL,1,,,,,,,
1/29/24,XJ75-84YL,1,,,,,,,
1/29/24,YZVDHDMYZHI64YL,1,,,,,,,
1/28/24,XJ75-84YL,1,,,,,,,
1/28/24,YZVDHDMYZHI64YL,1,,,,,,,
1/26/24,FFH39467DK,1,,,,,,,
1/26/24,XJ75-84YL,1,,,,,,,
1/26/24,YZVDHDMYZHI64YL,1,,,,,,,
1/26/24,XJ75-84YL,1,,,,,,,
1/26/24,UK58452RX,1,,,,,,,
1/26/24,YZVDHDMYZHI64YL,1,,,,,,,
1/26/24,LYVT56YL,-1,,,,,,,
1/26/24,HAG5537BZXLRIFIRG6PU,1,,,,,,,
1/26/24,XJ75-84YL,1,,,,,,,
1/26/24,YZVDHDMYZHI94YL,1,,,,,,,
1/26/24,YZVDHDMYZHI64YL,1,,,,,,,
1/26/24,YZVDHDMYZHI64YL,1,,,,,,,
1/25/24,FFH39467DK,1,,,,,,,
1/25/24,YZVDHDMYZHI94YL,1,,,,,,,
1/25/24,XJ75-44YL,1,,,,,,,
1/25/24,YZVDHDMYZHI64YL,1,,,,,,,
1/25/24,YZVDHDMYZHI94YL,1,,,,,,,
1/25/24,XJ75-84YL,1,,,,,,,
1/25/24,HAG5537BZXLRIFIRG6PU,1,,,,,,,
1/25/24,YZVDHDMYZHI64YL,1,,,,,,,
1/25/24,FFH39467DK,1,,,,,,,
1/24/24,YZVDHDMYZHI64YL,1,,,,,,,
1/24/24,YZVDHDMYZHI64YL,1,,,,,,,
1/24/24,XJ75-84YL,1,,,,,,,
1/24/24,YZVDHDMYZHI64YL,1,,,,,,,
1/24/24,XJ75-84YL,1,,,,,,,
1/24/24,XJ75-84YL,1,,,,,,,
1/24/24,YZVDHDMYZHI64YL,1,,,,,,,
1/24/24,YZVDHDMYZHI64YL,1,,,,,,,
1/24/24,XJ75-84YL,1,,,,,,,
1/23/24,XJ75-84YL,1,,,,,,,
1/23/24,YZVDHDMYZHI64YL,1,,,,,,,
1/22/24,YZVDHDMYZHI64YL,1,,,,,,,
1/22/24,FFH39467DK,1,,,,,,,
1/22/24,YZVDHDMYZHI64YL,1,,,,,,,
1/22/24,FFH39467DK,1,,,,,,,
1/22/24,FFH39467DK,1,,,,,,,
1/22/24,YZVDHDMYZHI64YL,1,,,,,,,
1/22/24,YZVDHDMYZHI94YL,1,,,,,,,
1/21/24,YZVDHDMYZHI64YL,1,,,,,,,
1/21/24,FFH39467DK,1,,,,,,,
1/20/24,YZVDHDMYZHI94YL,1,,,,,,,
1/20/24,YZVDHDMYZHI64YL,1,,,,,,,
1/20/24,YZVDHDMYZHI64YL,1,,,,,,,
1/20/24,YZVDHDMYZHI64YL,1,,,,,,,
1/20/24,YZVDHDMYZHI94YL,1,,,,,,,
1/20/24,YZVDHDMYZHI64YL,1,,,,,,,
1/20/24,XVQEJZGYZHI44YL,1,,,,,,,
1/20/24,YZVDHDMYZHI64YL,1,,,,,,,
1/20/24,YZVDHDMYZHI94YL,1,,,,,,,
1/20/24,YZVDHDMYZHI64YL,1,,,,,,,
1/20/24,FFH39467DK,1,,,,,,,
1/19/24,YZVDHDMYZHI64YL,1,,,,,,,
1/19/24,YZVDHDMYZHI64YL,1,,,,,,,
1/19/24,YZVDHDMYZHI64YL,1,,,,,,,
1/19/24,YZVDHDMYZHI64YL,1,,,,,,,
1/19/24,YZVDHDMYZHI64YL,1,,,,,,,
1/19/24,XJ75-84YL,1,,,,,,,
1/19/24,YZVDHDMYZHI94YL,1,,,,,,,
1/19/24,YZVDHDMYZHI64YL,1,,,,,,,
1/19/24,YZVDHDMYZHI64YL,1,,,,,,,
1/19/24,HRKVLZUSKMHH52RX,1,,,,,,,
1/19/24,FFH39467DK,1,,,,,,,
1/19/24,YZVDHDMYZHI64YL,1,,,,,,,
1/18/24,YZVDHDMYZHI64YL,1,,,,,,,
1/18/24,YZVDHDMYZHI64YL,1,,,,,,,
1/18/24,YZVDHDMYZHI64YL,1,,,,,,,
1/18/24,HRKVLZUSKMHH52RX,1,,,,,,,
1/18/24,FFH39467DK,1,,,,,,,
1/18/24,YZVDHDMYZHI94YL,1,,,,,,,
1/18/24,FFH39467DK,1,,,,,,,
1/17/24,YZVDHDMYZHI64YL,1,,,,,,,
1/17/24,YZVDHDMYZHI64YL,1,,,,,,,
1/17/24,HRKVLZUSKMHH52RX,1,,,,,,,
1/17/24,YZVDHDMYZHI94YL,1,,,,,,,
1/17/24,XJ75-84YL,1,,,,,,,
1/17/24,XJ75-84YL,1,,,,,,,
1/17/24,HRKVLZUSKMHH52RX,1,,,,,,,
1/17/24,YZVDHDMYZHI64YL,1,,,,,,,
1/17/24,YZVDHDMYZHI94YL,1,,,,,,,
1/16/24,YZVDHDMYZHI64YL,1,,,,,,,
1/16/24,FFH39467DK,1,,,,,,,
1/16/24,YZVDHDMYZHI64YL,1,,,,,,,
1/16/24,GGG58135DK,1,,,,,,,
1/16/24,YZVDHDMYZHI64YL,1,,,,,,,
1/16/24,RFXWF52RX,1,,,,,,,
1/16/24,UK58452RX,1,,,,,,,
1/16/24,XVQEJZGYZHI44YL,1,,,,,,,
1/15/24,XJ75-84YL,1,,,,,,,
1/15/24,YZVDHDMYZHI64YL,1,,,,,,,
1/15/24,XJ75-84YL,1,,,,,,,
1/15/24,XJ75-84YL,1,,,,,,,
1/15/24,YZVDHDMYZHI94YL,1,,,,,,,
1/15/24,YZVDHDMYZHI94YL,1,,,,,,,
1/14/24,YZVDHDMYZHI94YL,1,,,,,,,
1/14/24,XJ75-84YL,1,,,,,,,
1/13/24,YZVDHDMYZHI94YL,1,,,,,,,
1/13/24,YZVDHDMYZHI94YL,1,,,,,,,
1/13/24,YZVDHDMYZHI64YL,1,,,,,,,
1/13/24,HRKVLZUSKMHH52RX,1,,,,,,,
1/13/24,YZVDHDMYZHI64YL,1,,,,,,,
1/12/24,HRKVLZUSKMHH52RX,1,,,,,,,
1/12/24,YZVDHDMYZHI94YL,1,,,,,,,
1/12/24,YZVDHDMYZHI64YL,1,,,,,,,
1/12/24,YZVDHDMYZHI64YL,1,,,,,,,
1/11/24,YZVDHDMYZHI64YL,1,,,,,,,
1/11/24,XJ75-84YL,1,,,,,,,
1/11/24,FFH39467DK,1,,,,,,,
1/11/24,FFH39467DK,1,,,,,,,
1/11/24,HRKVLZUSKMHH52RX,1,,,,,,,
1/11/24,YZVDHDMYZHI64YL,1,,,,,,,
1/11/24,YZVDHDMYZHI64YL,1,,,,,,,
1/10/24,XJ75-84YL,1,,,,,,,
1/10/24,YZVDHDMYZHI94YL,1,,,,,,,
1/10/24,YZVDHDMYZHI64YL,1,,,,,,,
1/10/24,YZVDHDMYZHI64YL,1,,,,,,,
1/10/24,FFH39467DK,1,,,,,,,
1/10/24,XJ75-84YL,1,,,,,,,
1/10/24,YZVDHDMYZHI64YL,1,,,,,,,
1/10/24,YZVDHDMYZHI64YL,1,,,,,,,
1/10/24,XJ75-84YL,1,,,,,,,
1/10/24,YZVDHDMYZHI64YL,1,,,,,,,
1/10/24,YZVDHDMYZHI64YL,1,,,,,,,
1/10/24,YZVDHDMYZHI64YL,1,,,,,,,
1/10/24,XJ75-84YL,1,,,,,,,
1/9/24,YZVDHDMYZHI94YL,1,,,,,,,
1/9/24,YZVDHDMYZHI64YL,1,,,,,,,
1/9/24,XJ75-84YL,1,,,,,,,
1/9/24,HRKVLZUSKMHH52RX,1,,,,,,,
1/9/24,YZVDHDMYZHI94YL,1,,,,,,,
1/8/24,YZVDHDMYZHI64YL,1,,,,,,,
1/8/24,HRKVLZUSKMHH52RX,1,,,,,,,
1/8/24,FFH39467DK,1,,,,,,,
1/8/24,XJ75-84YL,1,,,,,,,
1/8/24,YZVDHDMYZHI64YL,1,,,,,,,
1/8/24,XJ75-84YL,1,,,,,,,
1/8/24,XJ75-84YL,1,,,,,,,
1/8/24,HRKVLZUSKMHH52RX,1,,,,,,,
1/8/24,YZVDHDMYZHI64YL,1,,,,,,,
1/8/24,YZVDHDMYZHI64YL,1,,,,,,,
1/7/24,YZVDHDMYZHI94YL,1,,,,,,,
1/7/24,YZVDHDMYZHI64YL,1,,,,,,,
1/6/24,YZVDHDMYZHI64YL,1,,,,,,,
1/6/24,YZVDHDMYZHI94YL,1,,,,,,,
1/6/24,YZVDHDMYZHI64YL,1,,,,,,,
1/6/24,YZVDHDMYZHI64YL,1,,,,,,,
1/6/24,YZVDHDMYZHI44YL,1,,,,,,,
1/6/24,HRKVLZUSKMHH52RX,1,,,,,,,
1/6/24,FFH39467DK,1,,,,,,,
1/5/24,YZVDHDMYZHI64YL,1,,,,,,,
1/5/24,YZVDHDMYZHI94YL,1,,,,,,,
1/5/24,FFH39467DK,1,,,,,,,
1/5/24,YZVDHDMYZHI64YL,1,,,,,,,
1/5/24,YZVDHDMYZHI64YL,1,,,,,,,
1/5/24,FFH39467DK,1,,,,,,,
1/5/24,HRKVLZUSKMHH52RX,1,,,,,,,
1/5/24,YZVDHDMYZHI64YL,1,,,,,,,
1/5/24,FFH39467DK,1,,,,,,,
1/5/24,YZVDHDMYZHI64YL,1,,,,,,,
1/5/24,YZVDHDMYZHI64YL,1,,,,,,,
1/5/24,YZVDHDMYZHI64YL,1,,,,,,,
1/5/24,YZVDHDMYZHI64YL,1,,,,,,,
1/4/24,YZVDHDMYZHI64YL,1,,,,,,,
1/4/24,XJ75-84YL,1,,,,,,,
1/4/24,XJ75-84YL,1,,,,,,,
1/4/24,YZVDHDMYZHI64YL,1,,,,,,,
1/4/24,FFH39467DK,1,,,,,,,
1/4/24,YZVDHDMYZHI64YL,1,,,,,,,
1/4/24,HRKVLZUSKMHH52RX,1,,,,,,,
1/4/24,FFH39467DK,1,,,,,,,
1/4/24,FFH39467DK,1,,,,,,,
1/4/24,HRKVLZUSKMHH52RX,1,,,,,,,
1/4/24,YZVDHDMYZHI64YL,1,,,,,,,
1/3/24,WVXEWFGYZHI44YL,1,,,,,,,
1/3/24,YZVDHDMYZHI94YL,1,,,,,,,
1/3/24,YZVDHDMYZHI64YL,1,,,,,,,
1/3/24,HRKVLZUSKMHH52RX,1,,,,,,,
1/3/24,YZVDHDMYZHI64YL,1,,,,,,,
1/3/24,XJ75-84YL,1,,,,,,,
1/3/24,XJ75-84YL,1,,,,,,,
1/3/24,RFXWF52RX,1,,,,,,,
1/3/24,XJ75-84YL,1,,,,,,,
1/2/24,XJ75-84YL,1,,,,,,,
1/2/24,FFH39467DK,1,,,,,,,
1/2/24,FFH39467DK,1,,,,,,,
1/2/24,XJ75-84YL,1,,,,,,,
1/2/24,YZVDHDMYZHI64YL,1,,,,,,,
1/2/24,FFH39467DK,1,,,,,,,
2025-06-25T17:18:31.705Z,FUMTRHUIV54PU,1,Adipotide - 10 MG,,,,,,
2025-06-25T17:18:31.705Z,FFH39467DK,1,AOD-9604 2mg,,,,,,
2025-06-25T17:18:31.705Z,GGG58135DK,1,BPC 157 10mg,,,,,,
2025-06-25T17:20:34.584Z,FUMTRHUIV54PU,1,Adipotide - 10 MG,,,,,,
2025-06-25T17:20:34.584Z,FFH39467DK,1,AOD-9604 2mg,,,,,,
2025-06-25T17:20:34.584Z,GGG58135DK,1,BPC 157 10mg,,,,,,
2025-06-26T09:31:24.300Z,GGG58135DK,1,BPC 157 10mg,,,,,,
2025-06-26T09:31:24.300Z,SRH934YL,1,NAD+ 500mg,,,,,,
2025-06-28T05:06:14.891Z,YZVDHDMYZHI94YL,6,Tirzepatide 60 mg,,,,,,
2025-06-28T05:06:15.694Z,YZVDHDMYZHI94YL,6,Tirzepatide 60 mg,,,,,,
2025-06-28T16:38:26.588Z,UVKQJT,1,PEG-MGF,,,,,,
2025-06-28T16:38:26.588Z,XVQEJZGYZHI44YL,1,Semaglutide 10mg,,,,,,
2025-06-28T17:15:39.304Z,XVQEJZGYZHI8AS,1,Semaglutide 5mg,,,,,,
2025-06-28T17:28:59.789Z,XVQEJZGYZHI8AS,1,Semaglutide 5mg,,,,,,
2025-07-02T12:08:51.897Z,HRKVLZUSKMHH52RX,1,Cagrilintide 10mg,,,,,,
2025-07-02T12:08:51.897Z,HRKVLZUSKMHH9YL,1,Cagrilintide 5mg,,,,,,
2025-07-02T12:08:51.897Z,HAG5537BZXLGOO7DK,1,CJC-1295 WITH DAC 2mg,,,,,,
2025-07-02T12:08:51.897Z,HAG5537BZXLRIFIRG9PU,1,CJC-1295 without DAC 5mg,,,,,,
2025-07-02T21:53:42.055Z,XVQEJZGYZHI44YL,5,Semaglutide 10mg,,,,,,
2025-07-02T22:08:01.064Z,GGG5814RX,1,BPC 157 2mg,,,,,,
2025-07-02T22:20:40.278Z,XVQEJZGYZHI5AS,10,Semaglutide 2mg,,,,,,
2025-07-02T22:20:44.017Z,XVQEJZGYZHI5AS,10,Semaglutide 2mg,,,,,,
2025-07-03T17:44:02.239Z,SRH934YL,1,NAD+ 500mg,,,,,,
2025-07-03T17:44:04.595Z,SRH934YL,1,NAD+ 500mg,,,,,,
2025-07-03T17:54:04.862Z,XVQEA52RX,10,Semax 10mg,,,,,,
2025-07-03T18:45:05.648Z,WVXEWFGYZHI44YL,1,Retatrutide 10 MG,,,,,,
2025-07-03T18:45:05.648Z,SRH934YL,5,NAD+ 500mg,,,,,,
2025-07-03T18:45:05.648Z,RFXWF52RX,50,MOTS-C 10mg,,,,,,
2025-07-03T20:29:19.748Z,SRH934YL,2,NAD+ 500mg,,,,,,
2025-07-03T20:29:19.748Z,XVQEJZGYZHI44YL,10,Semaglutide 10mg,,,,,,
2025-07-03T20:52:45.674Z,XVPEQY7RX,10,Selank 5mg,,,,,,
2025-07-03T20:54:43.632Z,XVQEJZGYZHI5AS,10,Semaglutide 2mg,,,,,,
2025-07-03T21:20:48.400Z,SRH934YL,1,NAD+ 500mg,,,,,,
2025-07-04T00:07:55.367Z,FUMTRHUIV54PU,10000,Adipotide - 10 MG,,,,,,
2025-07-04T05:33:14.572Z,XVPEQY7RX,100,Selank 5mg,,,,,,
2025-07-04T05:49:04.094Z,XVQEJZGYZHI5AS,10,Semaglutide 2mg,,,,,,
2025-07-04T06:01:27.880Z,XVVQRFQQZR6PU,10,Sermorelin 2mg,,,,,,
2025-07-04T06:24:59.249Z,TOCXRQUSRGIWOFJ9QK,10,Oxytocin Acetate - 2mg,,,,,,
2025-07-04T06:30:04.409Z,XVPEQY7RX,50,Selank 5mg,,,,,,
2025-07-04T07:07:19.370Z,XVPEQY7RX,10,Selank 5mg,,,,,,
2025-07-04T07:33:12.685Z,XVPEQY7RX,10,Selank 5mg,,,,,,
2025-07-04T08:31:09.186Z,TOCXRQUSRGIWOFJ9QK,10,Oxytocin Acetate - 2mg,,,,,,
2025-07-04T09:46:08.731Z,XVQEJZGYZHI5AS,10,Semaglutide 2mg,,,,,,
2025-07-04T10:08:01.173Z,YZVDHDMYZHI49YL,2,Tirzepatide 15 mg,,,,,,
2025-07-04T10:08:01.173Z,XVQEJZGYZHI44YL,10,Semaglutide 10mg,,,,,,
2025-07-04T10:08:01.173Z,YZVDHDMYZHI49YL,5,Tirzepatide 15 mg,,,,,,
2025-07-04T10:08:01.173Z,HRKVLZUSKMHH9YL,2,Cagrilintide 5mg,,,,,,
2025-07-04T10:23:01.816Z,XVQEJZGYZHI5AS,10,Semaglutide 2mg,,,,,,
2025-07-04T12:46:38.813Z,XEET152RX,10,Snap-8 10mg,,,,,,
2025-07-04T12:53:57.794Z,TOCXRQUSRGIWOFJ9QK,50,Oxytocin Acetate - 2mg,,,,,,